pair_id,ESP,SHIWILU
P00000,Ve.,PAKER'
P00001,Vete.,PAKER'
P00002,Vaya.,PAKER'
P00003,Hola.,MA'PU'SIN
P00004,¡Corre!,TEKKER'
P00005,¿Quién?,¿DEN?
P00006,¡Fuego!,¡PEN!
P00007,¡Incendio!,¡UKEÑAN!
P00008,¡Ayuda!,¡KATU'PA'!
P00009,¡Socorro! ¡Auxilio!,¡KATU'PA'! ¡KATU'PA'!
P00010,¡Auxilio!,¡KATU'PA'!
P00011,¡Salta!,¡INDEKKER'!
P00012,¡Para!,¡TA'ITULER'!
P00013,¡Espera!,¡WA'TEN'KER'!
P00014,Esperen.,¡WA'TEN'KU'!
P00015,¡He ganado!,¡KANA'TULEK!
P00016,"¡Oh, no! (masculino)",¡SHAW!
P00017,"¡Oh, no! (femenino)",¡ASHA!
P00018,Sonríe.,YAMER
P00019,Sonrían.,YAMERKU'
P00020,¡Al ataque!,¡PAKU' LLIPU'TUDEK'KUNKU'!
P00021,Levanta. (un objeto),USANKER'
P00022,Levanta. (pararse),YUNSANKER'
P00023,¡Tengo!,¡A'ÑAPALEK!
P00024,¿Entendiste?,¿LACHEK'LA?
P00025,Él corrió.,NANA TEKAKLLI
P00026,Métete adentro.,DA'KER' KINEKLA
P00027,Abrázame.,WIPERI'U
P00028,Me caí.,ANU'LEK
P00029,Salí.,YUNSU'LEK
P00030,Mentí.,TUMU'LEK
P00031,Perdí. (opuesto de ganar),WER'LLIEK
P00032,Perdí. (extraviar),A'WER'LLIEK
P00033,Renuncié.,TA'ITULA'LEK
P00034,Estoy trabajando.,SAKA'TAPALEK
P00035,Tengo diecinueve.,A'ÑAPALEK SHUNKA'ISKUN
P00036,Estoy levantado.,YUNSANSU' ÑAPALEK
P00037,Escucha.,LAU'TER
P00038,Escuché.,LAU'TULEK
P00039,Escuchen.,LAU'TUKU'
P00040,Escucharon.,LAU'TULLINA'
P00041,Estoy escuchando.,LAU'TAPALEK
P00042,Estoy abriendo mi boca.,LAUK'APALEK
P00043,¡Imposible!,¡SAKA'DEK!
P00044,¿En serio?,¿TEKINCHI?
P00045,¿La verdad?,¿TEKINCHI?
P00046,¡Gracias!,¡YUSPEINET'ECHUN!
P00047,Gracias.,YUSPEINET'ECHUN
P00048,Pruébalo. (saborear),LATA'KER
P00049,Pruébalo. (intentar),TEKLE'RIER'
P00050,Lo procuramos.,TEKLE'RIER'CHIDEK
P00051,Ganamos.,KANA'LLIDEK
P00052,Estate tranquilo.,MUSU' ÑAPAKER'
P00053,Sean gentiles.,MUKANKAN ÑIKER'
P00054,Sé agradable.,MUKANKAN ÑIKER'
P00055,Llámame.,PEKLU'U
P00056,Llámanos.,PEKLU'UDEK
P00057,Entre.,DA'KERKER'
P00058,Pase.,DA'KERKER'
P00059,¡Entren!,¡DAKER'KU'!
P00060,Suéltalo.,APU'KER'
P00061,Bájate.,NU'WANKER'
P00062,Sal. ,YUNSUER'
P00063,Sal. ,DAMULA
P00064,Salgan.,YUNSU'KU'
P00065,¡Largo!,¡PAKER'!
P00066,Largo ,SHIN
P00067,¡Vete ya!,¡PAKER'!
P00068,Lárguese.,¡PAKU'!
P00069,Vaya despacio.,PAKER' UTI'LA
P00070,¡Hasta luego!,¡PANTE'CHEK!
P00071,¡Chau!,¡PANTE'CHEK!
P00072,¡Un segundo!,¡IPIA'LASHA!
P00073,Agarra fuertemente.,PILLI'TER' IKERSU'
P00074,Dolor,IKER
P00075,El ají pica,NUKA' IKERLLI
P00076,Él vino.,NANA UK'LLI
P00077,Él renunció.,NANA YUNSU'LLI
P00078,Ayúdame.,KATU'PA'U
P00079,Ayúdanos.,KATU'PA'UDEK
P00080,Espera.,WA'TENKER'
P00081,Resista.,YAN'KATEK'TER'
P00082,Resiste.,YAN'KATEK'TER'
P00083,De acuerdo.,MUETCHUN
P00084,Me incliné.,YEN'NER'LEK'
P00085,Dormí.,WICHI'LEK
P00086,Durmiendo,WICHA'PALEK
P00087,Me voy a dormir,WICHIN'DEK'CHEK
P00088,Voy a dormir,WICHI'ECHEK
P00089,Lo intenté.,TEKLE'RILEK'
P00090,Iré.,PA'ECHEK
P00091,Soy Tom.,NUKA'KU TOM
P00092,Estoy gordo.,WEIPENSU' ÑAPALEK
P00093,Soy gorda.,WEILUNSU' NUKA'KA
P00094,Estoy afectado.,MUIN'SU' ÑAPALEK
P00095,Soy viejo.,TASERPIKU
P00096,Soy tímido.,TEKUA'DANDE'KU
P00097,Estoy mojada.,WIWERAPALEK
P00098,Está bien.,MUPALLI
P00099,Soy yo.,KUA NUKA'KA
P00100,Guárdalo.,SEKDIPERKER'
P00101,"Yo, también.",KUANTA'
P00102,Abre.,EK'KE'CHER'
P00103,¡Perfecto!,¡MUPALLI!
P00104,Nos vemos.,INLLI'TER
P00105,Enséñamelo. (pasar conocimiento),ALEK'U
P00106,Enséñamelo. (muestramelo),ALLI'U
P00107,Muestrame.,ALLI'U
P00108,Hasta luego.,PANTE'CHEK
P00109,Páralo. (poner vertical),A'WANERKER'
P00110,Páralo. (detener),TU'NEKER'
P00111,Deténlo.,TU'NEKER'
P00112,Cógelo.,MAKER'
P00113,Macambo (fruta),MAKER
P00114,Dimelo.,ITU'U
P00115,Tom comió.,TOM WERANPALLI
P00116,Tom corrió.,TOM TEKA'LLI
P00117,Tom ganó.,TOM KANA'TULLI
P00118,Espérame despierto.,WA'TEN'U NANPISU'
P00119,¡Despierta!,¡NANPIKER'!
P00120,Despierta.,NANPIKER'
P00121,Crudo,NANPI
P00122,Vivo,NANPI
P00123,Lo sabemos.,ÑINCHITAPALLIDEK
P00124,Perdimos.,WER'LLIDEK
P00125,Bienvenidos.,MUWENCHA'KU'
P00126,Bienvenidas.,MUWENCHA'KU'
P00127,Bienvenido.,MUWENCHA'KER'
P00128,¿Quién comió?,¿DEN'INA' KA'LLI?
P00129,¿Quién corría?,¿DEN'INA' TEKA'LLI?
P00130,¿Quién corrió?,¿DEN'INA' TEKA'LLI?
P00131,¿Quién ganó?,¿DEN'INA' KANA'TULLI?
P00132,Corre.,TEK'KER'
P00133,Has ganado.,KANA'TULA
P00134,¿Estoy gordo?,¿WEIPENSU' ÑAPALEK?
P00135,Pregúntale.,LEK'KER'
P00136,Pregúntales.,LEK'KER'
P00137,Apártate.,PAKER' ÑILUPA'
P00138,Sé fuerte.,NANTAPITEK' ÑIKER'
P00139,Sea breve.,EMPU'NI YALUNTA'
P00140,Sean breves.,EMPU'NI YALUNTAMA'
P00141,Estate quieto.,YALENMEKTA'
P00142,Anímate.,NANTA'PIKER
P00143,Venga.,WENCHER'
P00144,Ven a beber,UENCHER'
P00145,¡Cálmate!,¡TUNA'KER'!
P00146,Espósale.,TENPU'KER'
P00147,Arregla esto.,ASU' TEKDI'PER'KER'
P00148,Abajo.,DAWIK'
P00149,Túmbate.,ANU'KER'
P00150,¡Piérdete!,¡WER'KER'!
P00151,¡Piénsalo bien!,¡MUSU' LLI'INUTER'!
P00152,Adelante. (ingresa),DA'ENCHER'
P00153,Adelante. (parte superior),EKTER
P00154,Adelántante,EKTE'CHER'
P00155,Se adelantará.,EKTE'CHECHU
P00156,Se adelantarán.,EKTE'CHECHUNA'
P00157,Entra.,DA'ENCHER'
P00158,Entren.,DA'ENCHA'KU'
P00159,¡Buen trabajo!,¡MUSA'KA'TUNA!
P00160,Agárralo.,PILLI'TER'
P00161,Diviértanse.,SAKEK'KU'
P00162,Pásala bien.,MUSU'NAKUKER'
P00163,Pásenla bien.,MUSU'NAKUKU'
P00164,Él habló.,NANA LUNÑI
P00165,Él prueba.,NANA LATA'LLI
P00166,Ayúdalo.,KATU'PER'
P00167,Buenas.,MULUSA'
P00168,¡Qué encanto!,¡EMPU'NI MUSHIPA'!
P00169,Compláceme.,A'SAKEK'U
P00170,¡Date prisa!,¡WIUKER'!
P00171,Apresúrate.,WIUKER'
P00172,Estoy viejo.,TASERPIKU'
P00173,Puedo ir.,YENNITULEK PA'AK
P00174,Lo hice.,NU'TULEK
P00175,Fracasé.,A'APER'LEK'
P00176,Lo olvidé.,PINANER'LEK'
P00177,Lo entiendo.,LACHEK'APALEK
P00178,Lo tengo.,A'ÑAPALEK
P00179,Me niego.,LUWANCHI'NEK
P00180,Renuncio.,YUNSU'LEK'
P00181,Lo vi.,LLI'LEK
P00182,Sonreí.,YAMERLADALEK'
P00183,Reí.,YAMERLEK'
P00184,Me quedé.,LLIYA'LEK'
P00185,Esperé.,WA'TEN'NEK'
P00186,Yo pagaré.,KUA PANWILEK'TE'CHEK'
P00187,He vuelto.,ADENCHA'LEK
P00188,Soy calvo.,NUWEK'MUTU'KU
P00189,Estoy calvo.,NUWEK'MUTU' ÑAPALEK
P00190,Estoy calmado.,TUNA'SU' ÑAPALEK
P00191,Está calmando. (dolor),LATADA'PILALLI
P00192,Estoy tranquilo. (estoy bien),U'CHIMUÑAPALEK
P00193,He terminado.,A'TA'WANTULEK
P00194,Soy justo. (soy bueno),MUKANKANKU'
P00195,Soy bueno. (hacer bien algo),U'CHIMUKU
P00196,Estoy perfectamente.,U'CHIMUINCHI ÑAPALEK
P00197,¡Soy libre!,¡INAPIKU!
P00198,Estoy lleno.,MER'SU' ÑAPALEK
P00199,Estoy llena.,MER'SU' ÑAPALEK
P00200,Estoy aquí.,ASEK' ÑAPALEK
P00201,Estoy herido.,CHACHA'LEK ÑAPALEK
P00202,Llego tarde.,ERWA' EKTU'LEK
P00203,Soy vago.,PERCHEK' NUKA'KA
P00204,Estoy perdida.,WER'SU' ÑAPALEK
P00205,Soy malo. (maldad),MUKANKAINPU' NUKA'KA
P00206,Soy malo. (hacer mal las cosas),MUI'NEK
P00207,Soy pobre.,KULLIKER'WI'NEK
P00208,Soy rica.,WAPU' KULLIKER'WANEK
P00209,Soy rico.,WAPU' KULLIKER'WANEK
P00210,Estoy enferma.,KALUWI'SU' ÑAPALEK
P00211,Soy delgado. (masculino),SHAMU'PENSU' NUKA'KA
P00212,Soy delgada. (femenino),SHAMU'LUNSU' NUKA'KA
P00213,Estoy limpio.,PEKUIPI ÑAPALEK
P00214,Estoy calientito.,UKAPISHA ÑAPALEK
P00215,Estoy caliente.,UKAPISU' ÑAPALEK
P00216,Estoy débil.,MUDINUI'SU' ÑAPALEK
P00217,Soy listo.,IÑER' ÑINCHITAPALEK
P00218,Estoy listo. (preparado),INSEK'DIPERPIKU' NUKA'KA
P00219,Gané.,KANA'TULEK
P00220,Eso ayuda.,NANA KATU'PATULLI
P00221,Duele.,IKERLLI
P00222,Funciona.,SAKA'TULLI.
P00223,Es Tom.,TOM NUKA'A
P00224,Es divertido.,WA'DANPINTEK
P00225,Es suyo.,KENMAKIN NUKA'A
P00226,Es nuevo.,NALU' NUKA'A
P00227,Es extraño.,NERPI'LA NUKA'A
P00228,Es viejo.,NAPI'DA' NUKA'A
P00229,Es rojo.,PIPERSU' NUKA'A
P00230,Es triste.,WE'INU NUKA'A
P00231,Prohibido pasar.,KU'LA NAKUI'NCHU
P00232,No entrar.,KU'LA DAI'NCHU
P00233,Déjalo.,TAI'TULER'
P00234,Déjame.,TAI'TULA'U
P00235,Déjanos.,TAI'TULA'UDEK
P00236,Vamos.,PA'A
P00237,Cuidado.,LLI'KER'LLIA'
P00238,Cásate conmigo.,SADAKER' KUALEK'
P00239,¿Puedo ir?,¿YEN'NITULEK PA'AK?
P00240,Ella vino.,NANA UK'LLI
P00241,Ella murió.,NANA CHIMIÑI
P00242,Ella corre.,NANA TEKA'LLI
P00243,Siéntate.,DU'KER'
P00244,Mes. ,DUKER
P00245,Luna,DUKER
P00246,Siéntate aquí.,DU'KER' ASEK
P00247,Prepárate.,INSEK'DIPER'KER'
P00248,Un momento.,WA'TENKER'
P00249,Parate,WANERKER'
P00250,¡De pie!,¡WANERKER'!
P00251,¡Genial!,¡U'CHIMU!
P00252,Ellos ganaron.,NAWA' KANA'TULLINA'
P00253,Tom vino.,TOM UK'LLI
P00254,Dia.,UKLLI
P00255,Tom mintió.,TOM TUMU'LLI
P00256,Tomás miente.,TOMAS TUMU'PALLI
P00257,Tom perdió.,TOM KANA'CHI'ÑI
P00258,Tom pagó.,TOM PANWILEK'TULLI
P00259,Tom renunció.,TOM YUNSU'LLI
P00260,Tom nadó.,TOM IDUÑI
P00261,Tom lloró.,TOM WELLIEK'LLI
P00262,Demasiado tarde.,NAKUSUIN'CHI ERWA'
P00263,Prueben esto. (saborear),LATA'KU' ASU'
P00264,Prueba esto. (saborear),LATA'KER' ASU'
P00265,Usa esto.,PATA'KER' ASU'
P00266,Mírame.,LLI'U
P00267,Vigílame.,LUWUK'TU'U
P00268,Obsérvame.,LLI'U
P00269,Obsérvalos.,LLI'DEK'KU'
P00270,Iremos.,PA'ATERWA'
P00271,Estamos bien.,MU'PALLIDEK'
P00272,¿Para qué?,¿MA'KI'NA?
P00273,¡Qué divertido!,¡EMPU'NI WA'DANPINTEK'IPA'!
P00274,¿Quién vino?,¿DEN UK'LLI?
P00275,¿Quién murió?,¿DEN CHIMIÑI?
P00276,¿Quién nadó?,¿DEN IDUÑI?
P00277,Escríbeme.,LLINSER'CHU'U
P00278,Tú primero.,KENMAMENTU
P00279,Usted primero.,KENMAMENTU
P00280,Apunta. ¡Fuego!,TAÑITER' . ¡PEN!
P00281,Respóndeme.,NA'PI'U
P00282,Respóndanme.,NA'PIU'KU
P00283,Jesús.,KISHU
P00284,Cálmate.,TA'TULER'
P00285,Tranquilízate.,TA'TULER'
P00286,Captúralo.,PILLI'TER'
P00287,Captúrenlo.,PILLI'TUKU'
P00288,Atrápenlo.,PILLI'TUKU'
P00289,Atrápalo.,PILLI'TER'
P00290,Vuelve.,ADEN'CHER'
P00291,Ven.,WENCHER'
P00292,Venid aquí.,WENCHER' ASEK
P00293,Vuelve pronto.,ADEN'CHER' WIUK'SU'
P00294,Hazlo ahora.,NU'TER' IPA'LA
P00295,No preguntes.,YALEK'TUTA
P00296,No llores.,YAWELLEKTA
P00297,¡No llores!,¡YAWELLEKTA!
P00298,No lloren.,YAWELLEKTAMA'
P00299,No mientas.,YATUMU'TA
P00300,¡Fantástico!,¡U'CHIMUINCHI!
P00301,¡Es estupendo!,¡U'CHIMUINCHI NUKA'A!
P00302,Sígueme.,TUPI'TU'U
P00303,Síguenos.,TUPI'TU'UDEK
P00304,Olvídame.,PINANER'U
P00305,Olvídenme.,PINANER'U'KU
P00306,Preparense.,INSEK'DIPERKU'
P00307,Agarra esto.,PILLITER' ASU'
P00308,Sonrió.,YAMERLADALLI
P00309,Es rico. (sabor),IYALLI
P00310,Acá estoy.,ASEK' ÑAPALEK
P00311,Sostén esto.,PILLITER' ASU'
P00312,¡Qué horror!,¡IMANAN EMPU'NIPA'!
P00313,¡Qué raro!,¡NERPI'LA EMPU'NIPA'!
P00314,Estoy ocupada.,YEN'NICHI'NEK
P00315,Estoy ocupado.,YEN'NICHI'NEK
P00316,Soy bueno.,MUKANKANKU
P00317,Puedo volar.,YEN'NITULEK PEN'NU'AK'
P00318,Puedo correr.,YEN'NITULEK TEKA'AK'
P00319,Sé correr.,ÑINCHITAPALEK TEKA'AK'
P00320,Quedé inconsciente.,LLIYA'LEK INLLI'INUI'SU'
P00321,Me dieron.,ENKA'LLINER'KU
P00322,Me alcanzaron.,ENKA'LLINER'KU
P00323,Lo odio.,LUYULEK'
P00324,Eso espero.,NANA WA'TEN'NEK'
P00325,Lo sabía.,ÑINCHITUWINEK'
P00326,Me reí.,YAMERLEK'
P00327,Me gusta.,IYATULEK
P00328,¡Lo adoro!,¡TANTE'ÑEK!
P00329,Lo necesito.,LUANTULEK
P00330,Le vi.,LLI'LEK
P00331,Te vi.,LLI'LLIEN
P00332,Me tropecé.,PI'SER'KATULEK
P00333,Cantaré.,TULUNER'ECHEK
P00334,Estoy solo.,KUASHASA' ÑAPALEK
P00335,Estoy enojado.,YUSU' ÑAPALEK
P00336,Estoy despierto.,NANPISU' ÑAPALEK
P00337,Soy ciega.,DAPINANTEK' NUKA'KA
P00338,Soy ciego.,DAPINANTEK' NUKA'KA
P00339,Estoy quebrado.,NUPEK'PI ÑAPALEK
P00340,Estoy loco.,WA'DANPINTEK ÑAPALEK
P00341,Estoy borracho.,LUPERSU' ÑAPALEK
P00342,Estoy tomada.,LUPERSU' ÑAPALEK
P00343,Soy amado.,LUANPI NUKA'KA
P00344,Soy amada.,LUANPI NUKA'KA
P00345,Soy obeso.,WEIPENSU' NUKA'KA
P00346,Soy obesa.,WEILUNSU' NUKA'KA
P00347,Estoy listo.,INSEK'DIPERPI ÑAPALEK
P00348,Lo siento.,WE'INU
P00349,He perdido.,A'WER'LEK
P00350,Ólvidalo.,PINANER'KER'
P00351,¿Está Tom?,¿ÑAPALLI TOM?
P00352,¿Es grave?,¿NU'LA'LLI?
P00353,¿Es malo?,¿MUKANKAN'INPU'?
P00354,¿Está lejos?,¿WEIA'CHA ÑAPALLI?
P00355,¿Eres tú?,¿KENMA'CHA'?
P00356,Se quemó.,UKER'LLI
P00357,Falló.,APER'LLI
P00358,Fracasó.,A'APER'LLI
P00359,Llovió.,U'LANÑI
P00360,Apesta.,ANALLI
P00361,Funcionó.,SAKA'TULLI
P00362,Hace frío.,SANEK'WAÑI
P00363,Está frío.,SANEK'APALLI
P00364,Está fresco.,NALU  ÑAPALLI
P00365,Está oscuro.,KASISER' ÑAPALLI
P00366,¡Está listo!,¡INSEK'DIPERPI ÑAPALLI!
P00367,Es tarde.,ER'WA NUKA'A
P00368,Es agradable. (persona),MUKANKAN
P00369,Es agradable. (sabor),IYALLI
P00370,Se terminó.,TA'WAN'TULLI
P00371,Se acabó.,TEKINEKLLI
P00372,¡Es verdad!,¡TEKKINCHI NUKA'A!
P00373,Es verdad.,TEKKINCHI NUKA'A
P00374,Guarda esto.,SEK'DIPERKER' ASU'
P00375,Guarden esto.,SEK'DIPERKU' ASU'
P00376,Mantente caliente.,UKAPISU' ÑAPER'
P00377,Manténgase caliente.,UKAPISU' ÑAPER'
P00378,Mantente abrigado.,I'SHIWANSU' ÑAPER'
P00379,Manténganse abrigados.,I'SHIWANSU' ÑAPAKU'
P00380,Ahora vete.,PAKER' IPA'LA
P00381,Ahora lárgate.,PAKER' IPA'LA
P00382,¡Suéltame!,¡APU'U!
P00383,¡Déjeme ir!,¡TA'ITULA'U'KU YAPANTA'LEK!
P00384,Déjame entrar.,TA'ITULA'U YADA'LEK
P00385,Déjeme entrar.,TA'ITULA'U YADA'LEK
P00386,Déjanos entrar.,TA'ITULA'UDEK YADA'LLIDEK
P00387,Comamos.,WERANWA'
P00388,Veamos.,LLI'AWA'
P00389,¡Intentémoslo!,¡INTEK'KLIERIWA'!
P00390,Escucha.,LAUK'TER'
P00391,Aflójalo.,APU'KER'
P00392,Suéltala.,APU'KER'
P00393,Aflójala.,APU'KER'
P00394,Deja sitio.,TA'ITER' A'MERCHA
P00395,Deja pasar.,TA'ITER' NAKUI
P00396,¡Buen tiro!,MUSU' DEK'LA
P00397,¡Por supuesto!,TE'KINCHI
P00398,¿Perdona?,TA'ITULAU
P00399,Póntelo.,I'SHI'KER'
P00400,Lee esto.,LUNTUKER' ASU'
P00401,Lea esto.,LUNTUKER' ASU'
P00402,Lean esto.,LUNTUKU' ASU'
P00403,Decí hola.,MA'PU'SIN TUKER'
P00404,Véase arriba.,LI'KER' MUSENKEK
P00405,¡Cogedlo!,PILLI'TER'
P00406,¡Arrestadlo!,PILLI'TER'
P00407,¡Prendedlo!,PILLI'TER'
P00408,Ella anda.,NANA DEKUNDULLI
P00409,Ella camina.,NANA DEKUNDULLI
P00410,Anda.,DEKUNDUNLLI
P00411,Está buena.,MUPALLI
P00412,Firme aquí.,LINSERCHER' ASEK
P00413,Firma esto.,LINSERKER' ASU'
P00414,Sentate ahí.,DU'KER' NANEK
P00415,Tú mantente.,LLIA'KER' KENMA
P00416,Quieto.,DU'LA'KER' 
P00417,Más despacio.,A'PINTA' UTI'LA
P00418,Fuera.,ADIPI
P00419,Aléjate.,ÑILUPA'SHA
P00420,Quedate acá.,ASEK LIA'KER'
P00421,Deténlos.,NANEK LIA'INA'
P00422,Párales.,NANEK LIA'INA'
P00423,¡Cuidate!,INLUUKTER'
P00424,¡Te cuidas!,INLUUKTER'
P00425,Encárgate tú.,KENMA LLI'KER'
P00426,Toma esto.,MA'TA ASU'
P00427,Tome esto.,MA'TA ASU'
P00428,Eso es.,NANA NUKA'A
P00429,¿Entonces qué?,¿NU'PACHIN MA'NEN?
P00430,Cayeron.,ANU'LLINA'
P00431,Perdieron.,KANA'CHI'ÑINA'
P00432,Tomás condujo.,TOMAS EKPA'LLI
P00433,Tom teje.,TOM LANTEÑI
P00434,Tom sabe.,TOM ÑINCHITAPALLI
P00435,Tom nada.,TOM IDUMPALLI
P00436,Tom juró.,TOM TULLI
P00437,Tomás votó.,TOMAS DEK'LLI
P00438,Tom camina.,TOM DEKKUNTULLI
P00439,Tom saludó.,TOM TULLI MA'PU'SIN
P00440,Tomás trabaja.,TOMÁS SAKA'TAPALLI
P00441,Tom irá.,TOM PA'ECHU
P00442,Pruébatelo.,TEKLERIER'
P00443,Espera aquí.,WA'TENTER' ASEK
P00444,Aguarda aquí.,WA'TENTER' ASEK
P00445,Esperen aquí.,WA'TENKU' ASEK
P00446,Fallamos.,APER'LLIDEK
P00447,Nos olvidamos.,PINANER'LLIDEK
P00448,Conversamos.,LUNÑIDEK
P00449,Nosotros esperamos.,KUDA WA'TENTULIDEK
P00450,Después veremos.,NANEKLA LLI'ATERWA'
P00451,Ya veremos.,IPA' LLI'ATERWA'
P00452,¡Hemos ganado!,¡KANA'TULLIDEK!
P00453,¿Qué hay?,¿MA'NEN ÑAPALLI?
P00454,¿Quién es?,¿DEN A'CHA?
P00455,Tú maneja.,KENMA EKPA'KER'
P00456,Tú empieza.,KENMA TENMIANSUER'
P00457,Lo intentaste.,INTEK'LLI'WINA
P00458,Más alto.,A'PINTA' MUSENKEK
P00459,¿Me equivoco?,¿APER'LEK A'CHA?
P00460,¿Estoy equivocada?,¿APER'SUKU A'CHA?
P00461,¿Estás bien?,¿MUPALAN'CHA?
P00462,¿Estás levantado?,¿YUNSANSU' ÑAPALA?
P00463,¡Ten cuidado!,¡LI'KER'LA!
P00464,¡Sé cuidadoso!,¡LI'KER'LA!
P00465,Estate contento.,ÑAPAKER' MUSU'KANKANTUSU'
P00466,Sea paciente.,WA'TENKER' A'MERCHA.
P00467,Sé serio.,YAMERCHA
P00468,Traed comida.,KENCHER' WERAN
P00469,Trae vino.,KENCHER' VINU'
P00470,¿Puedo ayudar?,¿YENNITECHEK KATU'PA'TAK?
P00471,Lleva esto.,EKPA'KER' ASU'
P00472,Comprueba esto.,TEKLERIER' ASU'
P00473,Escoge uno.,WADUNKER' ALA'SA'
P00474,Ven solo.,WENLLER' KENMASA'
P00475,Vente.,WENLLER' 
P00476,Ven temprano.,WENLLER' DASU'LA
P00477,¡Pásale!,ENKA'KER'
P00478,¡Pásenle!,ENKA'KU'
P00479,¡Ven rápido!,¡WENCHER' WIUKSU'!
P00480,¡Vení rápido!,¡WENCHER' WIUKSU'!
P00481,¡Ya párale!,¡PILLI'TER' NANEK!
P00482,¿Fue Tom?,¿TOM ÑIWIÑI?
P00483,No vengas.,YAWENCHA'TA
P00484,¡No salten!,¡YAINDEKTAMA'!
P00485,No miren.,YALLI'TAMA
P00486,No cantes.,YATULUNER'TA
P00487,No canten.,YATULENER'TAMA
P00488,No pares.,YATAITULA'TA
P00489,¡No hables!,¡YALUNTA'!
P00490,No hables.,YALUNTA'
P00491,¡No esperes!,¡YAWA'TENTA!
P00492,¡No esperen!,¡YAWA'TENTUTAMA!
P00493,No esperes.,YAWA'TENTUTA
P00494,No grites.,YALAMAPU'TA
P00495,Come despacio.,WERANKER' UTI'LA
P00496,¡Comé despacio!,¡WERANKER' UTI'LA!
P00497,Síguele.,TUPITER'
P00498,Olvídenlo.,PINANER'KU'
P00499,Perdónenos.,TAITULA'U'KUDEK
P00500,Dios existe.,YUS NAMPIPALLI
P00501,Tosió.,CHINKU'LLI
P00502,Descolgó.,U'NU'WAÑI
P00503,Está arruinado.,SAPUSU' ÑAPALLI
P00504,Él miente.,NANA TUMU'PALLI
P00505,Es inteligente.,ÑINCHIDINUSU'NUKA'A
P00506,Aquí está.,ASEK' ÑAPALLI
P00507,Aquí vamos.,ASEK' PA'APILALLIDEK
P00508,"Hey, cálmate.",LAUK'LA TUNA'KER'
P00509,Mantente quieto.,YALENMEKTA
P00510,¡Qué aburrimiento!,¡MUSU' KANKANCHI'NEK!
P00511,¡Qué bonito!,¡EMBU'NI MUSHIPA'!
P00512,¡Encantador!,¡MUPENCHA!
P00513,Lo admito.,YAN'KATEKTULEK
P00514,Estoy aburrida.,MUIN'SU' ÑAPALEK
P00515,Soy feliz,MUSU' NAMPIPALEK
P00516,¡Estoy feliz!,¡MUSU' NAMPIPALEK!
P00517,Puedo saltar.,INNITULEK INDEK'AK
P00518,Sé leer.,ÑINCHITAPALEK LUN'AK
P00519,Puedo cantar.,ÑINCHITAPALEK TULUNER'AK
P00520,Sé nadar.,ÑINCHITAPALEK IDUN'AK
P00521,Lo dudo.,LATEK'IÑEN
P00522,Como aquí.,MAPU'SINA ASEK'
P00523,Lo encontré.,KANANEK
P00524,Me perdí.,AWER'LEK
P00525,Te detesto.,LUYULLIEN
P00526,Te oigo.,LAUK'APALLIEN
P00527,Le ayudo.,KATU'PALEK
P00528,La conozco.,LUWER'CHAPALEK
P00529,Lo conozco.,LUWER'CHAPALEK
P00530,Ahora sé.,IPA'LA ÑINCHITULEK
P00531,Me agradas.,TANTEÑEK
P00532,Me gustó.,TANTENWINEK
P00533,Lo amo.,TANTEÑEK
P00534,Te quiero.,LUANTULLIEN
P00535,Te amo.,LUANTULLIEN
P00536,¡Te amo!,¡LUANTULLIEN!
P00537,Me encantó.,LUWANTULLIEN
P00538,Lo extraño.,LU'WANEK
P00539,Necesito hielo.,LUWANTULEK SANEK
P00540,Prometí.,TUWINEK
P00541,Me acuerdo.,LLI'INUTAPALEK
P00542,Yo recuerdo.,KUA LLI'INUTAPALEK
P00543,Grité.,LAMAPU'LEK
P00544,Yo grité.,KUA LAMAPU'LEK
P00545,Sobreviví.,CHIMINLLINKEKLA NAMPILEK
P00546,Viví,NAMPILEK
P00547,Eso creo.,NANALATEKAPALEK
P00548,Vomité.,ENMU'LEK
P00549,¡Quiero uno!,ALA'SA' LUANTULEK
P00550,¡Quiero una!,ALA'SA' LUANTULEK
P00551,Llegué tarde.,ETU'KERLEK ER'WA
P00552,Lo haré.,NU'TECHEK
P00553,Soy francés.,FRANCES NUKA'KA
P00554,Soy coreano.,KOREANO NUKA'KA
P00555,Soy gemelo.,INSILANPI NUKA'KA
P00556,Estoy comprando.,MAPA'TAPALEK
P00557,Soy torpe.,MA'KIMPU NUKA'KA
P00558,Ahí voy.,NANEK PA'ECHEK
P00559,Estoy comiendo.,WERAMPALEK
P00560,Soy codicioso.,IÑER' LUANTULEK WAPU'
P00561,Me mudaré.,YUNSUE'CHEK
P00562,Estoy asustado.,IMANANTUSU' ÑAPALEK
P00563,Susto.,IMANAN
P00564,Estoy soltero.,KU'APER'WI'NEK
P00565,Estoy flacucho.,SHA'MU'SU' ÑAPALEK
P00566,¡Tengo sueño!,¡YAWICHI'LEK!
P00567,Tengo sueño.,YAWICHI'LEK
P00568,He comido.,WERANEK'
P00569,¿Está muerto?,¿CHIMIÑI?
P00570,¿Es alto? (estatura - masculino),¿SHIPEN A'CHA?
P00571,¿Es alto? (estatura - femenino),¿SHILUN A'CHA?
P00572,¿Es alto? (muy arriba),¿MUSENKEK A'CHA?
P00573,¿Es gratis?,¿PA'CHI'ÑIN'CHA?
P00574,¿Está bueno?,¿MUPALLIN'CHA?
P00575,¿Es acá?,¿ASEK A'CHA?
P00576,¿Aquí?,¿ASEK?
P00577,¿Está aquí?,¿ASEK A'CHA?
P00578,¿Es seguro?,¿TEKINCHI'CHA?
P00579,¿Es verdad?,¿TEKINCHI'CHA?
P00580,¿Es ese?,¿NANA'CHA?
P00581,¿Es así?,¿NU'SU' NUKA'A?
P00582,¿Es este?,¿ASU' A'CHA?
P00583,Eso pasa.,NANA NAKULLI
P00584,Es mío.,KUAKIN NUKA'A
P00585,Está vivo.,NANPIPALLI
P00586,Está vacío.,INANTEK' NUKA'A
P00587,Está listo.,INSEK'DIPERPI ÑAPALLI
P00588,Está ahí.,NANEK ÑAPALLI
P00589,Es blanco.,DADAPU NUKA'A
P00590,Hace viento.,TANLUWATAPALLI
P00591,Jesús lloró.,KISHU WELLEK'LLI
P00592,¡Continúa!,¡TUPITER'!
P00593,¡Quédate tranquilo!,¡MUSU' LLIA'KER'!
P00594,¡Guarden silencio!,¡TA'TU'LA'KU!
P00595,Mantente quieto.,YALENMEK'TA
P00596,Manténgase quieto.,YALENMEK'TA
P00597,¡Déjale irse!,¡TA'ITULER' PA'I!
P00598,Déjalo entrar.,TA'ITULER' DA'ENCHA'I
P00599,¡Déjame salir!,¡TA'ITULA'U YUNSUE'CHEK!
P00600,Déjame ver.,TA'ITULA'U LLI'ECHEK
P00601,A ver.,ENTA'I'NA
P00602,Charlemos.,LUN'AWA'
P00603,Besémonos.,INMUSHA'WA'
P00604,Juguemos.,INDEKLLITAWA'
P00605,Renunciemos.,YUNSU'WA'
P00606,Cantemos.,TULUNER'AWA'
P00607,Nademos.,IDUNWA'
P00608,Conversemos.,LUN'AWA'
P00609,Votemos.,DEK'AWA'
P00610,Caminemos.,DEK'KUNTAWA'
P00611,Trabajemos.,SAKA'TAWA'
P00612,Levántalo.,USANKER'
P00613,Mira allí.,LLI'KER' NANEK
P00614,Mamá lloró.,AWA WELLEK'LLI
P00615,Sin comentarios.,MA'NEN' ÑI'ÑI LUN'AK'
P00616,Reemplázalo.,A'PAWILEK'KER'
P00617,Di papa.,TUKER' TATA
P00618,Sonría.,YAMERLADAKER'
P00619,Es vieja.,NAPI'DA' NUKA'A
P00620,Es guapa.,MULUNSHA NUKA'A
P00621,Canta.,TULUNER'KER'
P00622,Huele esto.,LANERKER' ASU'
P00623,Huelan esto.,LANERKU' ASU'
P00624,Empieza aquí.,TENMIAN'SUER' ASU'
P00625,Mantente alerta.,ÑAPAKER' INSEK'DIPERSU'
P00626,Mantente despierto.,ÑAPAKER' NANPILADASU'
P00627,Mantente cerca.,ÑAPAKER' KAWIK
P00628,Quédate ahí.,NANEK LLIA'KER'
P00629,¡Más rápido!,¡A'PINTA' WIUKSU'!
P00630,Detente ahí.,LLIA'KER' NANEK
P00631,Estudia mucho.,NINCHITER' WAPU'
P00632,¡Háblame!,¡LUNTUU!
P00633,¡Habla conmigo!,¡LUNKER' KUALEK!
P00634,Buen chico.,WILA MUKANKAN
P00635,Eso duele.,NANA IKERLLI
P00636,Eso funciona.,NANA SAKA'TAPALLI
P00637,Engañaron.,TUMU'LLINA'
P00638,Hicieron trampas.,ALLISEK NU'TAPALLINA'
P00639,Se quedaron.,LLIA'LLINA'
P00640,Se mantuvieron.,LLIA'LLINA'
P00641,Lo intentaron.,INDEK'LLINA'
P00642,Ellos votaron.,NAWA DEKLLINA'
P00643,Votaron.,DEKLLINA'
P00644,Hemos llegado.,EKTU'LEKWA'
P00645,Éste es.,ASU' NUKA'A
P00646,Esto funciona.,ASU' SAKA'TAPALLI
P00647,Esto trabaja.,ASU' SAKA'TAPALLI
P00648,Tomás eructó.,CHUMA EK'LLI
P00649,Tom llamó.,TOM PEKLU'TULLI
P00650,Tomás bailó.,CHUMA LANSA'LLI
P00651,Tom baila.,TOM LANSA'PALLI
P00652,Tom bebe.,TOM UWAPALLI
P00653,Tom toma.,TOM UWAPALLI
P00654,Tomás conduce.,CHUMA EKPA'PALLI
P00655,Tom fracasó.,TOM APER'LLI
P00656,Tom peleó.,TOM IDENMALLI
P00657,Tom luchó.,TOM IDENMALLI
P00658,Tom ayudó.,TOM KATU'PA'TULLI
P00659,Tom saltó.,TOM INDEK'LLI
P00660,Tom miró.,TOM LLI'TULLI
P00661,Tom asintió.,TOM TULLI AJÁ
P00662,Tom obedeció.,TOM LATEK'TULLI
P00663,Tomás llamó.,CHUMA PEKLU'TULLI 
P00664,Tomás llamó soplando hoja.,CHUMA PEKLU'TULLI PENMEK'TAN
P00665,Tom rezó.,TOM MALLA'LLI
P00666,Tom sonrió.,TOM YAMERLADALLI
P00667,Tom ronca.,TOM TUKULU'PALLI
P00668,Tom charló.,TOM LUNÑI
P00669,Tomás esperó.,CHUMA WA'TENTULLI
P00670,Tom caminó.,TOM DEK'KUNTULLI
P00671,Tom trabajó.,TOM SAKA'TULLI 
P00672,Tom bostezó.,TOM LAUKI'LLI
P00673,Tom gritó.,TOM LAMAPU'LLI
P00674,Tom llorará.,TOM WELLEK'ECHU
P00675,Tom morirá.,TOM CHIMINCHU
P00676,Tom pagará.,TOM PANWILEK'TECHU
P00677,Enciéndelo. (fuego),A'TENDER'
P00678,¿Fue divertido?,¿MULLI'NCHA'?
P00679,¿Era divertido?,¿MUWIÑIN?
P00680,Mira esto.,LLI'KER' ASU'
P00681,Miren esto.,LLI'KU' ASU'
P00682,Somos hombres.,ENMU'PINEN NUKA'KUDEK
P00683,Podemos ganar.,YENNITULEKWA' KANA'TAK
P00684,Nos divertimos.,SAKEKLEKWA'
P00685,Nos reímos.,YAMERLEK'WA'
P00686,Nos gusta.,IYA'TULEK'WA'
P00687,Lo hicimos.,NU'TULEK'WA'
P00688,Debemos irnos.,PA'A'KAWA'SU' ÑAPALLI
P00689,Lo queremos.,TANTENLEK'WA'
P00690,Fracasaremos.,TEKA'PER'ATERWA'
P00691,Ayudaremos.,KATU'PA'TATERWA'
P00692,Nosotros ayudaremos.,KUDA KATU'PA'TECHIDEK
P00693,Cantaremos.,TULUNER'ATERWA'
P00694,Esperaremos.,WA'TENTATERWA'
P00695,Trabajaremos.,SAKA'TATERWA'
P00696,Estamos ocupados.,A'ÑAPALLIDEK DUDIMPU' NU'TA'KAWA'SU'
P00697,Terminamos.,A'TA'WANTULLIDEK
P00698,Estamos acá.,ASEK ÑAPALLIDEK
P00699,Estamos perdidos.,WER'SU' ÑAPALLIDEK
P00700,Somos pobres.,KULLIKER'WI'ÑIDEK
P00701,Estamos hartos.,PERLLI'LLIDEK
P00702,Somos débiles.,SAPUTEK NUKA'KUDEK
P00703,¿Qué pasa?,¿MAPU'LA?
P00704,¿Dónde estoy?,¿ENÑUPA'CHA ÑAPALEK?
P00705,¿Quién gritó?,¿DEN LAMAPU'LLI?
P00706,¿Llamaste?,¿PEKLU'TULA?
P00707,Tú decides.,KENMA TECHU
P00708,Puedes irte.,YENNITULA PA'A'MASU'
P00709,Pueden irse.,YENNITULAMA' PA'A'MAMA'SU'
P00710,Fallaste.,APER'LA
P00711,Ya verás.,IPA' LLI'ECHU
P00712,Eres mala.,MUKANKANINPU' NUKA'MA
P00713,Estás vieja.,TASELLUN ÑAPALA
P00714,Estás triste.,WE'INUTUSU' ÑAPALA
P00715,¿Hemos terminado?,¿A'TA'WANTULEKWA'?
P00716,¿Estás loco?,¿WA'DANPINDEK ÑAPALA?
P00717,¿Estás enfadado?,¿YUSU' ÑAPALA?
P00718,¿Eres nuevo?,¿NAEKTU'KELLIA?
P00719,Como quieras.,KENMA LUWANTA'MASU'PU'SU'
P00720,Sé discreto.,LUNTEK YAÑITA
P00721,Estate preparado.,INSEK'DIPERSU' ÑAPAKER'
P00722,Sé puntual.,YATEK'DA'TA
P00723,Sé razonable.,INLLI'INUTER' MUSU'
P00724,Sé específico.,CHEKSU' ÑIKER'
P00725,Especifica más.,WINTU'U A'PINTA
P00726,Sé tolerante.,YAN'KATEK'TER'
P00727,Estate vigilante.,ÑAPER' LU'UK'TAN
P00728,Estate atento.,ÑAPER' LU'UK'TAN
P00729,¿Puedo comenzar?,¿YENNITULEK TENMIANSU'AK?
P00730,¿Podemos hablar?,¿YENNITULEKWA' LUN'AK?
P00731,¿Podemos conversar?,¿YENNITULEKWA' LUN'AK?
P00732,¿Puedes ver?,¿YENNITULAN'CHA LLI'TA'MAK?
P00733,Acercate.,KAWITER'
P00734,Cocíname (sin sopa).,AKUSUITU'U
P00735,Cocíname (con sopa).,KALUITU'U
P00736,Cuenta conmigo.,KUA KATU'PEKCHEN
P00737,¿Ganaste?,¿KANA'TULA?
P00738,Hazlo ahorita.,NU'TER' IPIA'LA
P00739,¿Juegas boliche?,¿INDEKLLITAPALA BULICHI?
P00740,No discutan.,YAINYUTUTAMA'
P00741,No copien.,NANA PU'SU' YANU'TUTAMA'
P00742,¡No dispares!,¡YAILANTUTA!
P00743,No chilles.,YALAMAPU'TA
P00744,No sonrías.,YAYAMERLADATA
P00745,No sonrían.,YAYAMERLADATAMA'
P00746,No fumes.,YAU'WA'TUTA
P00747,Termine esto.,A'TA'WANTER ASU'
P00748,Termina esto.,A'TA'WANTER ASU'
P00749,Terminen esto.,A'TA'WANTUKU' ASU'
P00750,Vístete.,ISHINWER'
P00751,¡Ponte serio!,¡ÑIKER' MUSU!
P00752,¿Ha venido?,¿UKLLIN'CHA?
P00753,Tome asiento.,DU'KER'
P00754,Él envejeció.,NANA TASERPITULLI
P00755,¡Ha venido!,¡WEK'LLI!
P00756,Tiene vino.,VINU' A'ÑAPALLI
P00757,Es feliz.,MUSU' NUKA'A
P00758,Le gustó.,IYATULLI
P00759,Está fingiendo.,INTEK APALLI
P00760,Está fingiendo comer.,INTEK WERANPALLI
P00761,¡Aquí estamos!,¡ASEK ÑAPALLIDEK!
P00762,Aquí estamos.,ASEK ÑAPALLIDEK
P00763,¡Qué curioso!,¡EMPU'NI ÑINCHIDINUSU'TA'!
P00764,Qué raro.,EMPU'NI LLI'INEK
P00765,Soy cocinero.,KALU'TUTEK' NUKA'KA
P00766,Estoy jodiendo.,A'PERCHAPALEK
P00767,Estoy leseando.,SI'LENTAPALEK
P00768,Lo compré.,MAPA'LEK
P00769,Puedo hacerlo.,YENNITULEK NU'TAK
P00770,Puedo compartir.,YENNITULEK A'NAÑIAK
P00771,Confesé.,LUNNEK 
P00772,No como.,KA'API'NEK
P00773,Como pan.,KA'APALEK TANTA'
P00774,Como fruta.,KA'APALEK WAYUPI
P00775,Tenía frío.,SANEK'WANTUWINEK
P00776,Te encontré.,KAPER'LLIEN
P00777,Me enfadé.,YULEK
P00778,Traigo noticias.,KERA'PILELLEK LA'LA'LUSA'
P00779,Tengo tiempo.,MANENNU'TAPI'NEK
P00780,Tengo vino.,VINU' A'ÑAPALEK
P00781,Te oí.,LAUK'LLIEN
P00782,Los conozco.,LUWER'CHAPADEKLEK
P00783,Me gustan.,IYATUDEKLEK
P00784,Vivo aquí.,ASEK NANPIPALEK
P00785,La amaba.,TANTENWINEK
P00786,Lo extrañaba.,LU'WANWINEK
P00787,Debo esconderme.,INSEK'KITA'KASU'ÑAPALLI
P00788,Necesito ayuda.,LUWANTULEK KATU'PA'
P00789,¡Necesito ayuda!,¡LUWANTULEK KATU'PA'!
P00790,Los necesito.,LUWANTUDEK'LEK
P00791,Necesito esto.,LUWANTULEK ASU'
P00792,Necesito tiempo.,INSEK'DIPERSU' ÑAPI'NEK
P00793,Leo labios.,ÑINCHITAPALEK MA'TAPALLINPA'
P00794,Vendo autos.,UKU'LATAPALEK WA'NATEKA'ASU'
P00795,Huelo gas.,LANERAPALEK GAS
P00796,Quiero más.,A'PINTA' LUWANTULEK
P00797,Quiero eso.,NANA LUWANTULEK
P00798,Quiero este.,ASU' LUWANTULEK
P00799,Estaba despierto.,ÑAPAWINEK NANPILADASU'
P00800,Estaba mareado.,ÑAPAWINEK LUPERSU'
P00801,Me despidieron.,USU'LLINER'KU 
P00802,Estaba desnudo.,INANPILATEK ÑAPAWINEK
P00803,Estaba cansado.,SAKA'TUSU' ÑAPAWINEK
P00804,Estaba equivocado.,PEKTUNSU' ÑAPAWINEK
P00805,Esperaré.,WA'TENTECHEK
P00806,Trabajo aquí.,SAKA'TAPALLEK ASEK
P00807,Lo probaré.,LATA'ECHEK
P00808,Soy finlandés.,FINLANDIS NUKA'KA
P00809,Soy turco.,TURKU NUKA'KA
P00810,Soy turca.,TURKA NUKA'KA
P00811,Soy panadero.,TANTA' NU'TUTEK NUKA'KA
P00812,Soy mujer.,KU'APER NUKA'KA
P00813,Tengo curiosidad.,ÑINCHIDINUPALEK
P00814,Estoy bailando.,LANSA'PALEK
P00815,Estoy comprometida.,ÑAPALEK ALA'SA' ENMU'PINENLEK
P00816,Estoy emocionado.,ÑAPALEK SAKEK'SU'
P00817,Estoy ayunando.,WERANPI'NEK
P00818,Estoy saludable.,ÑAPALEK MUDINUSU'
P00819,Me voy.,PA'ECHEK
P00820,Estoy casado.,ÑAPALEK SADASU'
P00821,Soy casado.,SADASU' NUKA'KA
P00822,Soy casada.,SUDASU' NUKA'KA
P00823,Estoy nervioso.,AMERCHA TEKUASU' ÑAPALEK
P00824,Soy neutral.,ÑIDENKINPU' NUKA'KA
P00825,Soy paciente.,WA'TENTUTEK NUKA'KA
P00826,Estoy leyendo.,LUNPALEK
P00827,Estoy descansando.,NERIAPALEK
P00828,Soy egoísta.,KUAKEKSA' LLI'INUPALEK
P00829,Estoy atrapado.,ÑAPALEK PILLI'PI
P00830,Estoy esperando.,WA'TENTAPALEK
P00831,Ignoralos.,LUWERCHINPU'DEKER
P00832,¿Para llevar?,¿EKPA'AK?
P00833,¿Está ventoso?,¿NAKUSU' TANLUWATULLI?
P00834,¿Es suyo?,¿KENMAKIN'CHA?
P00835,¿Es todo?,¿IÑER'A'CHA?
P00836,Pasó.,NAKULLI 
P00837,Eso sucedió.,NANA NAKULLI
P00838,Yo invito.,KUA PEKLU'TULEK
P00839,Me salvó.,KATU'PALUN
P00840,Estuvo chevere.,UCHA'PAYA ÑAPAWIÑI
P00841,Fue fácil.,SAKA'DEKINPU' ÑIWIÑI
P00842,Fue real.,ÑIWIÑI TEKINCHI
P00843,Es lunes.,LUNES NUKA'A
P00844,Todo bien.,IÑER MUSU'
P00845,Hace fresco.,TANLUWATAPALLI
P00846,Está nublado.,PULUNKER' WANTA'PALLI
P00847,Es inútil. (sujeto),MA'KINPU' NUKA'A
P00848,Sigue intentando.,INTEKLERIAPER'ILA
P00849,Déjame ayudarte.,TAITULA'U KATU'PE'CHEN
P00850,Házmelo saber.,A'ÑINCHITU'U
P00851,Déjame vivir.,TAITULA'U NANPIAK
P00852,¡Empecemos!,¡TENMIANSU'WA'!
P00853,Comencemos.,TENMIANSU'WA
P00854,Bailemos.,LANSA'WA'
P00855,¡Hagámoslo!,¡NU'TAWA'!
P00856,Entremos.,DA'AWA'
P00857,Vayámonos.,PA'AWA'
P00858,Míralo.,LLI'KER'
P00859,¡Muchas gracias!,¡YUSPEINET'ECHUN!
P00860,Memorízalo.,SEKDIPERKER' MUTU'PENKEK
P00861,Nadie murió.,ÑIDEN CHIMII'ÑI
P00862,Nadie vino.,ÑIDEN U'I'ÑI
P00863,Nadie mintió.,ÑIDEN TUMUI'ÑI
P00864,Ahora ayúdame.,IPA'LA KATUPA'U
P00865,Ahora resiste.,IPA'LA YAN'KATEKTER'
P00866,Ahora sigue.,IPA'LA TUPITER'
P00867,Ahora continúa.,IPA'LA TUPITER'
P00868,Ahora prosigue.,IPA'LA TUPITER'
P00869,Ahora callate.,IPA'LA TA'TULER'
P00870,Bájalo.,U'NU'WANGER'
P00871,Ponte esto.,I'SHIKER' ASU'
P00872,Póngase esto.,I'SHIKER' ASU'
P00873,Libérale.,APU'KER'
P00874,Recuérdalo.,LI'INUTER'
P00875,Mándalo dentro.,AKU'KER' KINEKLA
P00876,Mándalo adentro.,AKU'KER' KINEKLA
P00877,Mándenlo adentro.,AKU'KU' KINEKLA
P00878,¿Nos vamos?,¿PA'ATER'?
P00879,¿Debería ir?,¿PA'ECHEK'ATA'?
P00880,Muéstrame cómo.,A'LI'U MA'PU'SU'
P00881,Háblame.,LUNTUU
P00882,¡Dejad sitio!,¡TA'ITUKU' DU'AK!
P00883,¡Quieto ahí!,¡YALENMEKTA NANEK!
P00884,¡Quédate quieto!,¡LIA'KER' YALENMEKTA!
P00885,¡Alto! ¡Ladrón!,¡WANERKER'! ¡APECHUTEK!
P00886,Descansad.,NERIKER'
P00887,Actúa.,NU'TER'
P00888,Eso ayudó.,NANA KATU'PA'TULLI
P00889,Está mojado.,WIWERSU' ÑAPALLI
P00890,¡Allá está!,¡NANEK ÑAPALLI!
P00891,Se quemaron.,UKER'LLINA'
P00892,Llamaron.,PEKLU'TULLINA'
P00893,Bailaron.,LANSA'LLINA'
P00894,Lo hicieron.,NU'TULLINA'
P00895,Lo lograron.,NU'TULLINA'
P00896,Se abrazaron.,INWIPERI'LLINA'
P00897,Se besaron.,INMUSHA'LLINA'
P00898,Obedecieron.,LATEKTULLINA'
P00899,Sonrieron.,YAMERLADALLINA'
P00900,Esperaron.,WA'TENTULLINA'
P00901,Caminaron.,DEK'KUNTULLINA'
P00902,Ellos caminaron.,NAWA DEK'KUNTILLINA'
P00903,Pasearon.,DA'LLINA'
P00904,Ellos gritaron.,NAWA LAMAPU'LLINA'
P00905,Esto apesta.,ASU' ANALLI
P00906,Tom llegó.,TOM EKTU'LLI
P00907,Tom cambió.,TOM A'PAWILLEK'LLI
P00908,Tom varió.,TOM A'PAWILLEK'LLI
P00909,Tomás aplaudió.,TOMAS INLLIPU'ITE'LALLI
P00910,Tom decidió.,TOM WADUÑI
P00911,Tom escapó.,TOM CHI'YE'KLLI
P00912,Tom espiró.,TOM DEKLLI NERIDEKNEN
P00913,Tom gruñó.,TOM MERMIÑI
P00914,Tom inhaló.,TOM LANERLLI
P00915,Tom escucha.,TOM LAUKTAPALLI
P00916,Tom estornudó.,TOM A'SHULLI
P00917,Tom enseña.,TOM A'LEKTAPALLI
P00918,Tom ayudará.,TOM KATU'PA'TECHU
P00919,Pruébate este.,LATAKER' ASU'
P00920,Apágalo.,A'TASHUNKER'
P00921,Esperame.,WA'TEN'U
P00922,Espéranos.,WA'TEN'U'KUDEK
P00923,Despertalo.,A'NAMBIKER'
P00924,Camina lentamente.,DEKUNDER' UTI'LA
P00925,¿Estaba equivocada?,¿ÑAPAWINEK PEKTUNSU'?
P00926,¿Hacía frío?,¿SANEKWANWIÑI?
P00927,¿Estuvo bueno?,¿MUSU'ÑAPAWIÑI?
P00928,Estamos aquí.,ASEK ÑAPALLIDEK
P00929,Comimos huevos.,KA'LLIDEK KADU'
P00930,Podemos ayudar.,YINNITULLIDEK KATU'PA'TAK
P00931,Podemos hablar.,YINNITULLIDEK LUNNAK
P00932,Podemos esperar.,YINNITULLIDEK WA'TENTAK
P00933,Nos perdimos.,WER'LLIDEK
P00934,Te queremos.,TANDENÑIDEN
P00935,Te amamos.,TANDENÑIDEN
P00936,Te extrañamos.,LU'WANÑIDEN
P00937,Te necesitamos.,LUWANTULLIDEN
P00938,Nos recordamos.,LLI'INUTAPALLIDEK
P00939,Sobrevivimos.,CHIMINLLINKEKLA NAMPIPALEKWA'
P00940,Nosotros conduciremos.,KUDA EKPEKCHIDEK
P00941,Nosotros compartiremos.,KUDA A'NAÑIECHIDEK
P00942,Compartiremos.,A'NAÑIECHIDEK
P00943,Estamos despiertos.,NAMPILALASU' ÑAPALIDEK
P00944,Estamos limpios.,PEKUIPI ÑAPALIDEK
P00945,Estamos listos.,INSEKDIPERPI ÑAPALIDEK
P00946,Lo sentimos.,WE'INUTULIDEK
P00947,Estamos cansados.,SAKA'TUSU' ÑAPALIDEK
P00948,Somos gemelos.,INSILAN NUKA'KAWA'
P00949,Somos jóvenes.,NADI'NEK NUKA'KAWA'
P00950,¡Qué burro!,¡MA'NEN ÑINCHICHI'NA!
P00951,¡Qué imbécil!,¡MA'NEN ÑINCHICHI'NA!
P00952,¡Qué pérdida!,¡EMBU'NI WER'IPA'!
P00953,¡Qué desastre!,¡EMBU'NI PANGER'IPA'!
P00954,¡Qué mugre!,!EMBU'NI UCHUTEK'IPA'!
P00955,¡Qué confusión!,¡EMBU'NI LUWER'CHI'ÑI!
P00956,Qué dolor.,EMBU'NI IKER'IPA'
P00957,Qué lástima.,EMBU'NI WE'INUIPA'
P00958,Qué pena.,EMBU'NI WE'INUIPA'
P00959,¡Qué lástima!,!EMBU'NI WE'INUIPA'!
P00960,¡Qué equipo!,MUMU'WANBALEK
P00961,¿Quiénes sois?,¿DENLUSA'ACHA?
P00962,¿Quién sos?,¿DENKENA'CHA?
P00963,¿Quién vitoreó?,¿DEN INLLIPU'ITEKLATULLI?
P00964,¿Quién escapó?,¿DEN CHI'YEKLLI?
P00965,¿Quién viene?,¿DEN U'APILELLI?
P00966,Sos grande.,A'LLIUPIKEN NUKA'MA
P00967,Estás loca.,WA'DANPINDEK ÑAPALA
P00968,Hizo trampa.,TUMU'LLI
P00969,Hicieron trampa.,TUMU'LLINA'
P00970,Se desmayaron.,MUISU' KANKANTULLINA
P00971,Te desmayaste.,MUISU' KANKANTULA
P00972,Se desmayó.,MUISU' KANKATULLI
P00973,Me lastimas.,A'KALUWI'LUN
P00974,Quédatelo.,LIA'KER'
P00975,Lo necesitas.,LUANTAPALA
P00976,Nos necesitas.,LUANTAPALUNDEK
P00977,Eres libre.,INAPIKEN NUKA'MA
P00978,¡Estás loco!,¡WADANPINTEK ÑAPALA!
P00979,¡Estás enfermo!,!KALUWI'PALA!
P00980,Estás enfermo.,KALUWI'PALA
P00981,Estás débil.,NANTAPI'NA
P00982,¿Estoy invitado?,¿PEKLU'PI ÑAPALEK?
P00983,¿Nada nuevo?,¿ÑIMANEN NALU?
P00984,¿Tienes frío?,¿SANEKWANTULA?
P00985,¿Estás muerto?,¿CHIMIPI ÑAPALA?
P00986,¿Eres sordo?,¿LUUKTEK' NUKAMA?
P00987,¿Estás libre?,¿INAPI ÑAPALA?
P00988,¿Estás lleno?,¿MER'SU' ÑAPALA?
P00989,¿Estás herida?,¿CHACHA'WANPALA?
P00990,¿Estás perdido?,¿WER'SU' ÑAPALA?
P00991,¿Estás enfermo?,¿KALUWIPALA?
P00992,¿Está segura?,¿TEKINCHI'CHA' ÑAPALA?
P00993,¿Está seguro?,¿TEKINCHI'CHA' ÑAPALA?
P00994,¿Están seguros?,¿TEKINCHI'CHA' ÑAPALAMA?
P00995,Estar atento.,INSEKDIPERSU' ÑAPAKER'
P00996,Sé confiado.,LU'UKTUTEK'KEN ÑIKER
P00997,Ten seguridad.,LATEK'U
P00998,Sé despiadado.,LUTANTENINPU'KER'
P00999,Hazle pasar.,A'NAKUKER'
P01000,¿Puedo intentar?,¿YENNITULEK INPALERIAK?
P01001,¿Puede hacerlo?,¿YENNITULEK NU'TAK?
P01002,¿Puedes venir?,¿YENNITULA UK'A'MAK?
P01003,¿Puedes ayudar?,¿YENNITULA KATU'PA'TA'MAK?
P01004,¿Puedes leer?,¿YENNITULA LUNTA'MAK?
P01005,¿Sabes nadar?,¿ÑINCHITAPALA IDUN'AK?
P01006,¿Puedes andar?,¿YENNITAPALA DEKKUNTA'MAK?
P01007,¿Pueden andar?,¿YENNITULAMA' DEKKUNTA'MAMAK?
P01008,¡Míralo!,¡LLI'KER'!
P01009,¡Compruébalo!,¡LLI'KER' MUPALLINPA'!
P01010,Ven enseguida.,WEK'KER' IPIA'LA
P01011,Acércate.,KAWITER'
P01012,Regresa.,ADENCHER'
P01013,Baja.,NU'WANKER'
P01014,Baje.,NU'WANKER'
P01015,Sal fuera.,YUNSUER' ADIPI
P01016,Venga conmigo.,WEK'KER' KUALEK
P01017,Enfríalo.,A'SANEK'KER'
P01018,¿Vino Tom?,¿TOM WEK'LLI?
P01019,¿Tom ayudó?,¿TOM KATU'PA'TULLI?
P01020,¿Ayudaste?,¿KATU'PA'TULA?
P01021,¿Firmaste?,¿LLILLINPEN NU'TULA?
P01022,¿Firmaron?,¿LLILLINPENMA' NU'TULAMA'?
P01023,¿Luzco bien?,¿LLITAPALEK MUSU'?
P01024,¿Usted fuma?,¿KENMA U'WA'TAPALA?
P01025,¿Fumas?,¿U'WA'TAPALA?
P01026,¿Usted ronca?,¿KENMA TUKULU'PALA?
P01027,¿Tú roncas?,¿KENMA TUKULU'PALA?
P01028,¿Duele?,¿IKERLLI?
P01029,No divagues.,CHEKSU' ÑIKER'
P01030,Conduce lentamente.,EKPA'KER' UTILA'
P01031,Examine esto.,LLI'KER' ASU'
P01032,Examinen esto.,LLI'KU' ASU'
P01033,Dame eso.,ENKA'U NANA
P01034,Deme tiempo.,WA'TEN'U
P01035,Ve adentro.,PAKER' KINEKLA
P01036,Buenos días.,MUUKLLI
P01037,"Espera, Tom.",WA'TENKER' TOM
P01038,Feliz Pascua.,MUSU' PASKUA'
P01039,¡Feliz Pascua!,¡MUSU' PASKUA'!
P01040,Tómate algo.,UKER' MA'PINTA'
P01041,Come algo.,KAKER' MA'PINTA'
P01042,Toma otro. (beber),UKER' ALI'LA'
P01043,Toma otro. (sostener),MA'ATASU' ALI'LA'
P01044,Sé valiente.,NANTAPITEK ÑIKER'
P01045,Él gritó.,NANA LAMAPU'LLI
P01046,La ayuda.,KATU'PA'
P01047,Es francés.,FRANCÉS NUKA'A
P01048,Está comiendo.,WERANPALLI
P01049,Corre rápido.,TEK'KER' WIUK'SU'
P01050,Esperará.,WA'TENTECHU
P01051,Está sufriendo.,INSEK'LUTENAPALLI
P01052,"¡Oye, aguarda!","¡LAU'KER', WA'TENTER'!"
P01053,¡Qué pesado!,¡ENPU'NI SAKA'DEK'IPA'!
P01054,¡Qué horrible!,¡ENPU'NI APERPIPA'!
P01055,¡Qué romántico!,¡ENPU'NI MUPENCHIPA'!
P01056,Te admiro.,KENMAPU'SU' ÑIINA'KA
P01057,Soy chino.,CHINU NUKA'KA
P01058,Quiero saberlo.,YAÑINCHITULEK
P01059,Estoy lesionado.,ÑAPALEK DA'PEKSU'
P01060,Estoy rezando.,MALLIA'PALEK
P01061,Comí manzanas.,KA'LEK MANZANAS
P01062,Comí caviar.,KA'LEK CAVIAR
P01063,Podría caminar.,YENNITUWINASKU DEKKUNTA'
P01064,Me corto.,INDEI'TECHEK
P01065,Me corté.,INDEI'TULEK
P01066,No mentí.,TUMUI'NEK
P01067,No pagué.,PANWILEKCHI'NEK
P01068,No sé.,ÑINCHICHI'NEK
P01069,Lo desconozco.,LUVER'CHI'NEK 
P01070,Tomé leche.,MUDIDEK ULEK
P01071,Los encontré.,KANANDEKLEK
P01072,Tengo dinero.,KULLIKER'WANPALEK
P01073,La abracé.,WIPERI'LEK
P01074,Te extrañé.,LU'WAÑEN
P01075,Necesito pintura.,LUWANTULEK LLINSERCHUNAN
P01076,Necesito dormir.,LUWANTULEK WICHI'AK
P01077,Necesito agua.,LUWANTULEK DEK'
P01078,Te necesitaba.,LUWANTUWIÑEN
P01079,Leo frecuentemente.,LUNPA'LEK UTALINPU'SA'
P01080,Lo llamé.,PEKKLU'LEK
P01081,Leo libros.,LUNTULEK KERKA'LUSA'
P01082,Hablo rápido.,WIUKSU' LUNPALEK
P01083,Simpatizo.,MUSU' LLI'APALEK
P01084,Entiendo.,LACHEKAPALEK
P01085,Quiero dinero.,LUWANTULEK KULLIKER'
P01086,Quiero ir.,YAPA'LEK
P01087,Tenía miedo.,TEKUAWINEK
P01088,Fui enmarcado.,A'APITULLINER'KU
P01089,Tenía hambre.,UKI'LA A'ÑIWINEK
P01090,Estaba solo.,KUASHASA' ÑAPAWINEK
P01091,Tenía sueño.,YAWICHI'WINEK
P01092,Volveré.,ADENCHE'CHEK
P01093,Estaré bien.,MUSU' ÑAPECHEK
P01094,Seré libre.,INAPI ÑECHEK
P01095,Me arriesgaré.,INPALERICHEK
P01096,Te demandaré.,WINLAPICHEN
P01097,Soy médico.,LULENTUTEK' NUKA'KA
P01098,Soy doctor.,DOKTOR NUKA'KA
P01099,Soy escritor.,LLINSERCHUTEK' NUKA'KA
P01100,Soy adulta.,TASERLUNKU NUKA'KA
P01101,Estoy descalzo.,INAPILANTE'ÑAPALEK
P01102,Estoy confuso.,LACHEK'KI'NEK
P01103,Estoy confundido.,LACHEK'KI'NEK
P01104,Estoy divorciada.,APU'PI NUKA'KA
P01105,Estoy congelado.,NAKUSU' SANEKWANTULEK
P01106,Estoy helado.,NAKUSU' SANEKWANTULEK
P01107,Estoy dudando.,KU'LA LATEKTAPI'NEK
P01108,Soy inocente.,MA'NEN NU'CHI'NEK
P01109,Estoy indignado.,YUSU' ÑAPALEK
P01110,Estoy pintando.,LLINSERCHAPALEK
P01111,Estoy embarazada.,KADULUNSU' ÑAPALEK
P01112,Estoy preparado.,ÑAPALEK INSEKDIPERSU'
P01113,Soy inquieto.,WA'DANPINTEK NUKA'KA
P01114,Soy intranquilo.,WA'DANPINTEK NUKA'KA
P01115,Estoy estudiando.,KERKA' ÑINCHITAPALEK
P01116,Estoy exhausto.,ÑAPALEK SAKA'TUSU'
P01117,Estoy reventado.,ÑAPALEK SAKA'TUSU'
P01118,¿Está roto?,¿NUSHA'TUSU' ÑAPALLI?
P01119,¿Es suficiente?,¿NANASA'CHA IÑER'?
P01120,Ha empezado.,TENMIANSU'LLI
P01121,Empezó.,TENMIANSU'LLI
P01122,Comenzó.,TENMIANSU'LLI
P01123,Era negro.,KERPI'A'CHA'
P01124,Fue repugnante.,NUDU'PI ÑIWIÑI
P01125,Se quemará.,UKER'ECHU
P01126,Me toca. (tocar),PATA'LLIU
P01127,Está perfecto.,MUPALLI
P01128,Está nevando.,PULUNKER'WANPALLI
P01129,Está funcionando.,SAKA'TAPALLI
P01130,Sólo espera.,WA'TENKER'LA
P01131,Sigue bailando.,LANSA'PER'I'LA
P01132,Sigue cavando.,IWA'TAPER'I'LA
P01133,Sigue conduciendo.,EKPA'APER'I'LA
P01134,Sigue mirando.,LLI'TAPER'I'LA
P01135,Siga leyendo.,LUNTAPER'I'LA
P01136,Sigue corriendo.,TEKA'PER'I'LA
P01137,Sigan corriendo.,TEKA'PA'KU'I'LA
P01138,Sigue cantando.,TULUNER'APER'I'LA
P01139,Continuá hablando.,LUN'APER'I'LA
P01140,Continúe hablando.,LUN'APER'PI'LA
P01141,Sigue caminando.,DEK'KUNTAPER'PI'LA
P01142,Sigue escribiendo.,LLINSECHER'PI'LA
P01143,Déjalo ir.,TA'ITULER' PA'I
P01144,Déjame ir.,TA'ITULA'U PA'AK
P01145,¡Déjame irme!,¡TA'ITULA'U PA'AK!
P01146,Dejame hablar.,TA'ITULA'U LUN'ECHEK
P01147,Déjame pensar.,TA'ITULA'U INLLI'INUTECHEK
P01148,Salgamos.,YUNSU'WA'
P01149,Escuchemos.,LAUK'TAWA'
P01150,No vayamos.,PA'INPU'WA'
P01151,Adivina.,TEKLERIER' NINCHITA'MAK
P01152,Entró Mary.,DA'KERLLI MARI
P01153,"Continúa, Tom.","TUPITER', TOM"
P01154,"Prosigue, Tom.","TUPITER', TOM"
P01155,Nadie sabe.,ÑIDEN ÑINCHICHI'ÑI
P01156,Nadie preguntó.,ÑIDEN LEKCHI'ÑI
P01157,Ahora déjanos.,IPA'LA TA'ITULA'U'KUDEK
P01158,Ahora sientate.,IPA'LA DU'KER'
P01159,"Ah, entiendo.","AH, LACHEK'APALEK"
P01160,Sonrian.,YAMERLADAKU'
P01161,Señálalo.,TAÑITUKER'
P01162,Ábrela.,EK'KER'CHER'
P01163,Ponlo allí.,AKU'KER' NANEK 
P01164,Pónganlo allí.,AKU'KU' NANEK
P01165,Ponlo ahí.,AKU'KER' NANEK 
P01166,Repítelo.,TUNUNTER'
P01167,¡Hasta pronto!,¡PANTE'CHEK!
P01168,Hasta entonces.,¡PANTE'CHEK!
P01169,¡Qué vergüenza!,¡DAKUTA'LEK!
P01170,¡Avergüénzate!,¡DAKUTA'KER'!
P01171,Le gustó.,IYATULLI
P01172,Le disparó.,ILANÑI
P01173,Ella salió.,NANA YUNSU'LLI
P01174,Muéstrame eso.,A'LLI'U NANA
P01175,Alguien llegó.,ALA'SA' YALLI' EKTUKERLLI
P01176,Concéntrate.,LLI'KER' MUSU'
P01177,Quedate conmigo.,LLIA'KER' KUALEK
P01178,No discutas.,YAINYUTUTA
P01179,Cállate.,TA'TULER'
P01180,¡Felices sueños!,¡U'CHIMUSHA WICHI'KER'!
P01181,¡Dulces sueños!,¡U'CHIMUSHA WICHI'KER'!
P01182,¡Relajate!,¡LATADA'KER'!
P01183,Cuéntame más.,WINTU'U A'PINTA'
P01184,Dime más.,WINTU'U A'PINTA'
P01185,Dígame más.,WINTU'U A'PINTA'
P01186,Dinos más.,WINTU'UDEK A'PINTA'
P01187,Dígannos más.,WINTU'UDEK A'PINTA'
P01188,Cuéntanos más.,WINTU'UDEK A'PINTA'
P01189,¡Gracias nuevamente!,¡YUSPEINET'ECHUN NANAPU'SI'LA!
P01190,Eso ayudará.,NANA KATU'PA'TECHU
P01191,Así es.,NU'SU' NUKA'A
P01192,Es raro.,NERPI'LA NUKA'A
P01193,Son grandes.,A'LLUPI NUKER'KA
P01194,Se chocaron.,DA'PAÑINA'
P01195,Se estrellaron.,DA'PAÑINA'
P01196,Se escaparon.,CHI'YEK LLINA'
P01197,Me conocían.,LUWER'CHUWIÑINER'KU
P01198,Rieron.,LUMER'LLINA'
P01199,Se negaron.,LUWANCHI'ÑINA'
P01200,Pararon.,TA'ITULA'LLINA
P01201,Sudaron.,ELLI'LLINA'
P01202,Llamarán.,PEKLU'TECHUNA'
P01203,Ellos llamarán.,NAWA' PEKLU'TECHUNA'
P01204,Ellos vendrán.,NAWA' WENCHE'CHUNA'
P01205,Vendrán.,WENCHE'CHUNA'
P01206,Son huevos.,KADU'LUSA' NUKER'KA
P01207,Son rápidos.,WIUKSU'LUSA' NUKER'KA
P01208,Se fueron.,PA'LLINA'
P01209,Son buenos.,U'CHIMULUSA' NUKER'KA
P01210,Son ricas.,IYASU'LUSA' NUKER'KA
P01211,Son feos.,APER'PILUSA' NUKER'KA
P01212,Son débiles.,SAPUTEK'LUSA' NUKER'KA
P01213,Esto ayudará.,ASU' KATU'PA'TECHU
P01214,Tom respondió.,TOM NA'PITULLI
P01215,Tom canceló.,TOM A'TA'WANTULLI
P01216,Tom terminó.,TOM A'TA'WANTULLI
P01217,Tom insistió.,TOM A'PERCHULLI
P01218,Tom escuchó.,TOM LAUK'TULLI
P01219,Tom prometió.,TOM TEKINCHI'WALEK TULLI
P01220,Tom huyó.,TOM TEKA'LLI
P01221,Tom creció.,TOM SUSU'LLI
P01222,Tomás renunció.,CHUMA YUNSU'LLI
P01223,Tom tartamudea.,TOM MUSU' LUNPI'ÑI
P01224,Tom balbucea.,TOM MUSU' LUNPI'ÑI
P01225,Tom sobrevivió.,TOM CHIMILLINKEKLA NAMPILLI
P01226,Tomás desapareció.,CHUMA WER'LLI
P01227,Tom hablará.,TOM LUN'ECHU
P01228,"Tom, despierta.","TOM, NANPILADALLI"
P01229,Pruébate estos.,TEKLE'RIER ASU'LUSA
P01230,Espera fuera.,ADIPI WANTENTER'
P01231,Despiertalos.,UCHINANDE'KER
P01232,"Despiértate, Tom.","NANPILADAKER', TOM"
P01233,Camina conmigo.,DEK'KUNTER' KUALEK
P01234,Podemos hacerlo.,YENNITULEKWA' NU'TAK
P01235,Nos preparamos.,INSEK'DIPERLEKWA'
P01236,Estábamos listos.,INSEK'DIPERPI ÑAPAWIÑIDEK
P01237,Almorzamos.,IKINEK'UKLLI WERAÑIDEK 
P01238,Tenemos vino.,A'ÑAPALLIDEK VINU'
P01239,Los amamos.,TANTEN'ÑIDEK
P01240,Necesitamos ayuda.,LUWANTULLIDEK KATU'PA'
P01241,Necesitamos más.,LUWANTULLIDEK A'PINTA'
P01242,Lo necesitamos.,LUWANTULLIDEK
P01243,Dormimos demasiado.,NAKUSU' WICHI'LLIDEK
P01244,Deberíamos irnos.,PA'A'KAWA'SU' ÑAPALLI
P01245,¡Lo conseguimos!,¡KANANEKWA'!
P01246,¡Lo logramos!,¡KANANEKWA'!
P01247,Nos rendimos.,YENNICHI'NEK'WA'
P01248,Estábamos heridos.,LLIPU'PI ÑAPAWIÑIDEK
P01249,Estábamos lastimados.,LLIPU'PI ÑAPAWIÑIDEK
P01250,Somos adultos.,NUKA'KAWA TASERPILUSA'
P01251,Estamos asustados.,IMANTUSU' ÑAPALLIDEK
P01252,Estamos encerrados.,UNKU'PI ÑAPALLIDEK
P01253,Estamos hambrientos.,UKI'LATEK ÑAPALLIDEK
P01254,Estamos bromeando.,SI'LENTAPALLIDEK
P01255,Estamos perdiendo.,WER'APALLIDEK
P01256,Lo tenemos.,A'ÑAPALLIDEK
P01257,¿Quiénes son?,¿DENLUSA'CHA?
P01258,¿Quién canceló?,¿DEN ATA'WANTULLI?
P01259,¿Quién escuchó?,¿DEN LAUK'TULLI?
P01260,¿Quién renunció?,¿DEN YUNSU'LLI?
P01261,¿Quién desapareció?,¿DEN WER'LLI?
P01262,¿Quién empieza?,¿DEN TENMIAN'SU'LLI?
P01263,¿Quién parte?,¿DEN TENMIAN'SU'LLI?
P01264,¿Acaso vivirá?,¿NANPICHUA'CHA?
P01265,Eres bueno.,U'CHIMU NUKA'MA
P01266,Estás bien.,MU'SU' ÑAPALA
P01267,Eres rico.,KULLIKER'WANPALA
P01268,Puedes venir.,YENNITULA' UK'A'MAK
P01269,Puedes quedarte.,YENNITULA' LLIA'A'MAK
P01270,Tú primera.,NANENTUPEN
P01271,Ustedes primero.,NANENTU KENMAMA'
P01272,Lo heriste.,LLIPU'TULA
P01273,Le conoces.,LUWER'CHAPALA
P01274,Puedes nadar.,YENNITULA' IDUN'A'MAK
P01275,Prometiste.,NU'TECHUN TUWINA
P01276,Tú prometiste.,KENMA NU'TECHUN TUWINA
P01277,Prometió.,NANA TUWIÑI NU'TECHU
P01278,Usted prometió.,KENMA TUWINA NU'TECHU
P01279,Ustedes prometisteis.,KENMAMA' TUWINAMA' NU'TECHUMA
P01280,Prometieron.,TUWIÑINA' NU'TECHUNA
P01281,Ustedes prometieron.,KENMAMA' TUWINAMA' NU'TECHUMA
P01282,Lo prometiste.,NU'TECHUN TUWINA
P01283,Lo prometió.,TUWIÑI NU'TECHU
P01284,Lo prometieron.,TUWIÑINA' NU'TECHUNA
P01285,Me asustas.,A'IMANANTULUN
P01286,Sobreviviste.,CHIMINLLINKEKLA NAMPILA
P01287,Tú sobreviviste.,KENMA CHIMINLLINKEKLA NAMPILA
P01288,Sobrevivió.,CHIMINLLINKEKLA NAMPILLI
P01289,Usted sobrevivió.,KENMA CHIMINLLINKEKLA NAMPILA
P01290,Estarás bien.,MUSU' ÑAPE'CHU
P01291,Estás loco.,WA'DANPINTEK ÑAPALA
P01292,Es cruel.,MUKANKAN'INPU' NUKA'A
P01293,Estás borracha.,LUPERSU' ÑAPALA
P01294,Está despedido.,SAKA'TUNAKLA USU'LLINA
P01295,Están despedidos.,SAKA'TUNAKLA USU'DEKLLINA'
P01296,Estás gordo.,WEIPENSU' ÑAPALA
P01297,Estás mintiendo.,TUMU'PALA
P01298,Tienes razón.,TEKINCHI NUKA'A
P01299,Eres inteligente.,IÑER' ÑINCHITAPALA'
P01300,Son inteligentes.,IÑER' ÑINCHITULUSA' NUKER'KA
P01301,Eres listo.,INSEKDIPERPI NUKA'MA
P01302,Estás cansado.,SAKA'TUSU' ÑAPALA
P01303,Eres duro.,WATENSU' NUKA'MA
P01304,Estás equivocado.,APER'SU' ÑAPALA
P01305,¿Estoy soñando?,¿WA'LATAPALEK?
P01306,¿Están ocupados?,¿YENNICHI'NAMA'?
P01307,¿Son polis?,¿SUNTADULUSA'CHA?
P01308,¿Son altos?,¿SHIPENLUSA' NUKER'KA?
P01309,¿Estás sola?,¿KENMASHASA' ÑAPALA?
P01310,¿Estás enojada?,¿YUSU' ÑAPALA?
P01311,¿Estás despierta?,¿NANPILADASU' ÑAPALA?
P01312,¿Estás borracho?,¿LUPERSU' ÑAPALA?
P01313,¿Estás ebrio?,¿LUPERSU' ÑAPALA?
P01314,¿Estás embriagado?,¿LUPERSU' ÑAPALA?
P01315,¿Estás contento?,¿MUSU'CHA ÑAPALA?
P01316,¿Eres feliz?,¿MUSU' ÑAPALA?
P01317,¿Contento?,¿MUSU'?
P01318,¿Estás lista?,¿INSEK'DIPERPI ÑAPALA?
P01319,¿Están listos?,¿INSEK'DIPERPI ÑAPALAMA'?
P01320,¿Estás?,¿ÑAPALA?
P01321,¿Estás cansado?,¿SAKA'TUSU' ÑAPALA?
P01322,Pórtate bien.,MUSU' ÑIKER
P01323,Apóyame.,KATU'PA'U
P01324,Apóyanos.,KATU'PA'UDEK
P01325,Tráelo aquí.,KENCHER' ASEK
P01326,Pide ayuda.,LEKTER' KATU'PA'
P01327,Pida ayuda.,LEKTER' KATU'PA'
P01328,Pidan ayuda.,LEKTUKU' KATU'PA'
P01329,¡Llámame después!,¡PEKLU'U MA'ISIK!
P01330,¿Puedo entrar?,¿YENNITULEK DA'AK?
P01331,¿Puedo tenerlo?,¿YENNITULEK A'ÑAK?
P01332,¿Puedo abrazarte?,¿YENNITULEK WIPERI'A'KIK?
P01333,¿Puedo participar?,¿YENNITULEK KATUPA'TAK?
P01334,¿Puedo quedármelo?,¿YENNITULEK EK'LLIA'AK?
P01335,¿Puedo visitar?,¿YENNITULEK LLIAK?
P01336,¿Puedo tomarlo?,¿YENNITULEK PILLI'TAK?
P01337,¿Puedes dormir?,¿YENNITULA WICHI'A'MAK?
P01338,Venga mañana.,WEKER' EKLLI
P01339,Baila conmigo.,LANSA'KER' KUALEK
P01340,¿Hablaste?,¿LUN'NA?
P01341,¿Le conozco?,¿LUWER'CHAPALEK?
P01342,¿Te conozco?,¿LUWER'CHAPALLIEN?
P01343,¿Necesito uno?,¿LUANTULEK ALA'SA'?
P01344,Serás bienvenido.,MUSU' SEK'KAPERECHUNER'KEN
P01345,Hazlo rápidamente.,WIU'SU' NU'TER'
P01346,Hágalo rápido.,WIU'SU' NU'TER'
P01347,Hazlo conmigo.,KUALEK NU'TER'
P01348,¿Me sigues?,¿TUPITECHUNKU?
P01349,¿Lo ves?,¿LI'APALA?
P01350,¿Me ves?,¿LI'APALU?
P01351,No engordes.,YAWEYTA
P01352,Come algo.,MA'SHAPIN'TA KA'KER'
P01353,Todos ganan.,IÑER' KANA'TULLINA'
P01354,Dámelo.,ENKA'U
P01355,Dímelo.,WINTU'U
P01356,Dame algunos.,ENKA'U NU'UNTA'LUSA'
P01357,Deme esos.,ENKA'U NANALUSA'
P01358,Aguanta.,YAN'KATEKTER'
P01359,Espera ahí.,NANEK WATENKER'
P01360,Espere allí.,NANEK WATENKER'
P01361,Agárrate fuerte.,PILI'KER' IKERSU'
P01362,Guarda eso.,SEKDIPERKER' NANA
P01363,Conserva eso.,SEKDIPERKER' NANA
P01364,Hazlo venir.,A'WENCHER'
P01365,Come mucho.,WAPU' WERAMPALLI
P01366,Le cogieron.,PILLI'TULLINA
P01367,Está leyendo.,LUNTA'PALLI
P01368,La besó.,MUSHA'LLI
P01369,Luce pálido.,SHAPI'TEK NUKA'A
P01370,¡Me pellizcó!,¡SEK'TEK'LLIU!
P01371,Camina rápido.,WIU'SU' DEKUNTER'
P01372,Quiere más.,A'PINTA' LUWANTULLI
P01373,Es abogado.,CHIMIDEKPI NUKA'A
P01374,Aquí viene.,ASEK UK'APILELLI
P01375,Abrazame fuertemente.,WIPERI'U IKERSU'
P01376,Espera allí.,WA'TENDER' NANEK
P01377,Sujétalo fuerte.,PILLI'TER' IKERSU'
P01378,¡Sujétalo!,¡PILLI'TER'!
P01379,¿Cómo estáis?,¿MA'PU'SIN?
P01380,¿Cuántos murieron?,¿ENPU'DUN CHIMIÑINA'?
P01381,¡Qué emocionante!,¡EMBU'NIMUSHIPA'!
P01382,"Apúrate, Tom.",WIUK'ER' TOM
P01383,Casi morí.,CHIMINWINEK
P01384,Siempre camino.,NERPI'PU' DEKUNDAPALEK
P01385,Soy americano.,AMERICANO NUKA'KA
P01386,Soy japonés.,JAPONES NUKA'KA
P01387,Estoy tosiendo.,CHINKU'PALEK
P01388,Me indigna.,A'YIULLIU
P01389,Estoy estornudando.,A'SHUPALEK
P01390,Te creo.,LATEKLLIEN
P01391,Les creo.,LATEKDEKLEK
P01392,Los llamé.,PEKLU'DEKLEK
P01393,Puedo sentirlo.,YENNITULEK LAUK'AK
P01394,Puedo verte.,YENNITULEK LI'AN'SU'
P01395,Yo contribuí.,KUA KATU'PATULEK
P01396,No esperé.,WA'TENCHI'NEK
P01397,No estudio.,KU'LA ÑINCHITAPI'NEK
P01398,Yo exageré.,KUA A'NADALEK
P01399,Me dormí.,WICHI'LEK
P01400,Te perdono.,MA'ICHIN'CHEN
P01401,Me casé.,SADALEK (hombre) / SUDALEK (mujer)
P01402,Odio volar.,LUYULEK PENNU'AK
P01403,Detesto volar.,LUYULEK PENNU'AK
P01404,Odio perder.,LUYULEK WER'AK
P01405,Detesto perder.,LUYULEK WER'AK
P01406,Estoy resfriado.,ILUSU' ÑAPALEK
P01407,Estoy acatarrado.,ILUSU' ÑAPALEK
P01408,He pecado.,APER'LEK
P01409,Escucho voces.,LAUK'APALEK LA'LA'LUSA'
P01410,Te mentí.,TUMU'TULLIEN
P01411,Les mentí.,TUMU'TULEKLEK
P01412,Hice café.,WAYUSA' NU'TULEK
P01413,Preparé cena.,KALUTULEK
P01414,Necesito café.,WAYUSA' LUWANTULEK
P01415,La rescaté.,KANANEK
P01416,Lo rescaté.,KANANEK
P01417,Lo abofeteé.,PATENCHULEK
P01418,Dormí mucho.,NAKUSU' WICHILEK
P01419,Quiero café.,LUWANTULEK WAYUSA'
P01420,Quiero llorar.,YAWELLEKLEK
P01421,Quiero morir.,YACHIMINEK
P01422,Quiero comer.,YAWERANNEK
P01423,Quiero intentarlo.,YATEKLERILEK
P01424,Quiero ganar.,YAKANA'LEK
P01425,Tuve cuidado.,INLU'UKTUWINEK
P01426,Estaba furioso.,YUPAWINEK
P01427,Estaba celoso.,APISADATUTEK ÑAPAWINEK
P01428,Estaba atrapado.,PILLI'PI ÑAPAWINEK
P01429,Estaba desarmado.,ILLIAPALEK'INPU ÑAPAWINEK
P01430,Escribo versos.,LINSERCHAPALEK LA'LA'LUSA'
P01431,Lo permitiré.,TA'ITULEKCHEK
P01432,Estaré solo.,KUASA' ÑAPECHEK
P01433,Seré breve.,WIUKSU' ÑIN'CHEK
P01434,Estaré ahí.,ÑAPECHEK NANEK
P01435,Lo compraré.,MAPE'CHEK
P01436,Lo llamaré.,PECLU'ECHEK
P01437,Comeré aquí.,ASEK WERENCHEK
P01438,Lo mataré.,DEI'TECHEK
P01439,Le mataré.,DEI'TECHEK
P01440,Te mataré.,DEI'TECHEN
P01441,Lo demostraré.,ALLI'ECHEK
P01442,Te mostraré.,ALLI'ECHEN
P01443,Le mostraré.,ALLI'ECHEK
P01444,Lo llevaré.,EPA'ECHEK
P01445,Cogeré uno.,MAECHEK ALASA'
P01446,Lo miraré.,LLI'ECHEK
P01447,Soy islandés.,ISLANDES NUKA'KA
P01448,Soy estudiante.,KIRKA'ÑINCHITUTEK NUKA'KA
P01449,Soy maestro.,ALEKTUTEK NUKA'KA
P01450,Soy huérfano.,SUILA NUKA'KA
P01451,Soy guapa.,MULUN NUKA'KA
P01452,Estoy desesperado.,PERWATENDUSU' ÑAPALEK
P01453,Estoy agotado.,SAKA'TUSU' ÑAPALEK
P01454,Soy olvidadizo.,PINANERCHEK'KU NUKAKA
P01455,Estoy horrorizado.,TEKUA'DANSU' ÑAPALEK
P01456,Estoy impaciente.,YENNICHINEK WA'TENTAK
P01457,Soy importante.,LUWANTULLINER'KU
P01458,Estoy impresionada.,ÑAPALEK IMANANTUSU'
P01459,Estoy escuchando.,LAUK'APALEK
P01460,Te escucharé.,LAUK'ECHEN
P01461,Estoy satisfecho.,ÑAPALEK SAKEKSU'
P01462,Soy sensible.,MANENPITA' IKERCHULEK
P01463,Tengo cerveza.,AÑAPALEK CERVEZA
P01464,¿Está mirando?,¿LLI'TAPALLI?
P01465,¿Es doloroso?,¿IKERLI?
P01466,¿Es popular?,¿LUWER'PIA'CHA?
P01467,¿Es privado?,¿SEKIPIA'CHA?
P01468,¿Está lloviendo?,¿ULANPALLINCHA?
P01469,¿Es dulce?,¿KASER'LLINCHA?
P01470,¿Hay más?,¿ÑAPALLI A'PINDA'?
P01471,Se quebró.,NUPEK'TULLI
P01472,Empeora.,NU'LA'LLI
P01473,Había nevado.,PULUNKER' ÑAPAWIÑI
P01474,Aquí duele.,ASEK IKERLLI
P01475,Me enferma.,A'KALUWI'LIU
P01476,Fue irónico.,SI'LEN ÑIWIÑI
P01477,No dolerá.,KU'LA IKERINCHU
P01478,No servirá.,KU'LA PA'CHINCHU
P01479,Funciona bien.,SAKA'TAPALLI MUSU'
P01480,Será fácil.,SAKA'DEKIMPU ÑICHU
P01481,Es adorable.,U'CHIMUSHA NUKA'A
P01482,Son negocios.,UKU'LATAK NUKER'KA
P01483,Está desierto.,MANEN ÑI'ÑI
P01484,Es emocionante.,SAKEKNANSU' NUKA'A
P01485,Está mejorado.,TEKDIPERPI ÑAPALLI
P01486,Es obsoleto.,NAPI'DA' NUKA'A
P01487,Está ocupado.,IPIA'LA YENNICHI'ÑI
P01488,Está obsoleto.,ÑAPALLI NAPI'DA'
P01489,Déjelo.,TA'ITULER'
P01490,Solo levántate.,KENMASA' YUNSANKER'
P01491,Aprende italiano.,ÑINCHITER' ITALIANU
P01492,Déjelo aquí.,TA'ITULER' ASEK
P01493,Déjale pasar.,TA'ITULER' NAKUI
P01494,Déjame terminar.,TA'ITULA'U ATA'WANTAK
P01495,Déjame cogerlo.,TA'ITULA'U PILLI'TE'CHEK
P01496,Déjame verlo.,TA'ITULA'U LLI'ECHEK
P01497,Déjame intentarlo.,TA'ITULA'U TEKLE'RICHEK
P01498,Déjame probarlo.,TA'ITULA'U TEKLE'RICHEK
P01499,Preguntémosle.,LEK'KAWA'
P01500,Hagamos más.,A'PINTA' NU'TAWA'
P01501,Hagamos eso.,NU'TAWA' NANA
P01502,Comamos fuera.,ADIPI KA'AWA'
P01503,Vámonos.,ENCHUKU' 
P01504,Volvamos.,ADANTA'WA'
P01505,Vayamos abajo.,NUWANTA'WA'
P01506,Mantengámoslo.,TUPI'WA'
P01507,Prosigamos.,TUPI'WA'
P01508,Avancemos.,PA'AWA' EKTER'LUPA'
P01509,Abrámoslo.,EK'KER'CHAWA'
P01510,Sigamos adelante.,TUPI'WA' EKTER'LUPA'
P01511,Hazlo rápido.,WIUK'SU' NU'TER'
P01512,Resume.,TUNKA'SU' NU'TER'
P01513,¿Puedo verlo?,¿YENNITULEK LLI'AK?
P01514,Memoriza esto.,SEKDIPERKER' ASU' MUTU'PENKEK
P01515,Nadie llamó.,ÑIDEN PEK'KLU'CHI'ÑI
P01516,¡Di algo!,¡TUKER' MA'NEN'UNTA'!
P01517,¡Digan algo!,¡TUKU' MA'NEN'UNTA'!
P01518,Mándamelo.,A'UKTUWU
P01519,¿Empiezo?,¿TENMIANSU'CHEK?
P01520,¿Debo continuar?,¿TUPITE'CHEKPI'LA?
P01521,Es francesa.,NUKA'A FRANCESA
P01522,Sientate Tomás.,DUKER' CHUMA
P01523,Habla claramente.,LUNKER' LACHEK'AK
P01524,Hable claramente.,LUNKER' LACHEK'AK
P01525,Hablen claramente.,LUNKU' LACHEK'AK
P01526,Habla bajito.,TA'TULA'SHASU' LUNKER'
P01527,Habla calladito.,TA'TULA'SHASU' LUNKER'
P01528,Sé positivo.,INLLI'INUTER' MUSUK
P01529,Sigue positivo.,MUSUK'I'LA LLI'INUPER'
P01530,Mantenganse juntos.,MUMU'SU' ÑAPAKU'
P01531,¡Qué listo!,¡DAKUTI'ÑI!
P01532,Ya basta.,TA'ITULER'
P01533,Es suficiente.,NANASA'
P01534,Es simple.,SAKA'DEK'INPU'
P01535,Aquí tienes.,ASEK A'ÑAPALA
P01536,Están aquí.,ASEK ÑAPALLINA'
P01537,Cancelaron.,TA'ITULA'LLINA'
P01538,Lo encontraron.,KANAÑINA' 
P01539,Te conocen.,LUWER'CHAPALLIÑER'KEN
P01540,Deben morir.,CHIMIN'ER'KASU'ÑAPALLI
P01541,Gritaron.,LAMAPU'LLINA'
P01542,Ellos bailarán.,NAWA' LANSE'CHUNA'
P01543,Están vivos.,NANPIPALLINA'
P01544,Están solos.,NAWA'SA' ÑAPALLINA'
P01545,Están enojados.,YUSU' ÑAPALLINA'
P01546,Están limpias.,MUPISUSA' ÑAPALLINA'
P01547,Están mintiendo.,TUMU'PALLINA'
P01548,Están cansados.,SAKA'TUSU' ÑAPALLINA'
P01549,Son gemelos.,INSILANPI NUKER'KA
P01550,Es incorrecto.,MUI'SU' NUKA'A
P01551,Tom aplaudió.,TOM INLLIPU'ITEK'LATULLI
P01552,Tom dudó.,TOM LATEK'CHI'ÑI
P01553,Tom recuerda.,TOM LLI'INUTAPALLI
P01554,Tom vaciló.,TOM SI'LENTULLI
P01555,Tom mentía.,TOM TUMU'PAWIÑI
P01556,Tom palideció.,TOM SHA'PI'WIÑI
P01557,Tom cocinará.,TOM AKUSUTE'CHU
P01558,Tom obedecerá.,TOM LATEKTE'CHU
P01559,Intenta hacerlo.,TEKLERIER' NU'TA'MAK
P01560,¿Estaba roncando?,¿TUKULU'PAWIÑI?
P01561,Estamos llorando.,WELLIEK'APALLIDEK
P01562,Estamos arruinados.,NAKUSU' MUIN'SU' ÑAPALLIDEK 
P01563,Estamos condenados.,NAKUSU' MUIN'SU' ÑAPALLIDEK 
P01564,Tenemos hambre.,UKI'LALLIDEK
P01565,Podríamos leer.,YENNITUWINASKUDEK LUNTAK
P01566,Podríamos caminar.,YENNITUWINASKUDEK DEK'KUNTAK
P01567,Fuimos robados.,APE'CHUWIÑINER'KUDEK
P01568,Nos robaron.,APERLLINER'KUDEK
P01569,Tenemos perro.,A'ÑAPALLIDEK ÑIÑI'WA
P01570,Tenemos planes.,A'ÑAPALLIDEK MA'NEN'UN'TA' NU'TAK
P01571,Tenemos reglas.,A'ÑAPALLIDEK LA'LA'LUSA' LATEK'AK
P01572,Necesitamos dinero.,KULLIKER' LUWANTULLIDEK
P01573,Nunca hablamos.,ÑINPI' LUNPI'ÑIDEK
P01574,Deberíamos comer.,KA'A'KAWA'SU' ÑAPALLI
P01575,Lo entendemos.,LACHEK'APALLIDEK
P01576,Estábamos cerca.,KAWITUSU' ÑAPAWIÑIDEK
P01577,Estábamos borrachos.,LUPERSU' ÑAPAWIÑIDEK
P01578,Teníamos razón.,A'PERSU' ÑAPIÑIDEK
P01579,Sobreviviremos.,CHIMINLLINKEKLA NANPITERWA'
P01580,Somos primos.,YALLI'WALUSA' NUKA'KAWA'
P01581,Estamos intrigados.,LACHEK'INSU' ÑAPALLIDEK
P01582,Estamos bailando.,LANSA'PALLIDEK
P01583,Nos vamos.,PA'ECHIDEK
P01584,Estamos casados.,SADASU' ÑAPALEK'
P01585,Estamos leyendo.,KERKA' LUNTAPALLIDEK
P01586,Somos egoístas.,KENMU'SAK LLI'I'NUPALEKWA'
P01587,Somos serios.,KU'LA YAMERAPIÑIDEK
P01588,Nos quedamos.,LLIA'TERWA'
P01589,Miramos,LLI'ATERWA'
P01590,¡Estamos atrapados!,¡PILLI'PI ÑAPALEKWA'!
P01591,Estamos atrapados.,PILLI'PI ÑAPALEKWA'
P01592,Estamos ganando.,KANA'TAPALEKWA'
P01593,Estamos trabajando.,SAKA'TAPALEKWA'
P01594,¿Estabas ocupado?,¿AÑAPAWINANCHA' MA'NEN'UN'TA' NUTA'MAK?
P01595,¿Te dispararon?,¿ILAÑINER'KEN?
P01596,¿Estabas enfermo?,¿KALUWI'SU' ÑAPAWINA?
P01597,¡Qué fiasco!,¡ENPU'NI DAKUTA'IPA'!
P01598,¡Qué alivio!,¡ENPU'NI MUI'PA!
P01599,¿Qué ocurrió?,¿MA'NEN'A'CHA NAKULLI?
P01600,¿Qué haremos?,¿MA'NEN'A'CHA NU'TATERWA'?
P01601,¿Cuándo vamos?,¿ENPI'A'CHA PA'ATER?
P01602,¿Dónde estás?,¿ENÑUPA'CHA ÑAPALA?
P01603,¿Dónde están?,¿ENÑUPA'CHA ÑAPALAMA'?
P01604,¿Dónde estábamos?,¿ENÑUPA'CHA ÑAPAWINEKWA'?
P01605,¿Quién gana?,¿DEN KANA'TULLI?
P01606,¿Ella vendrá?,¿NANA WENCHE'CHU?
P01607,¿Vendrá ella?,¿WENCHE'CHU NANA?
P01608,¡Estás borracho!,¡LUPERSU' ÑAPALA!
P01609,Llegaste temprano.,DASU'LA EKTU'KERLLIA
P01610,Se equivocan.,APER'LLINA'
P01611,¡Puedes hacerlo!,¡YENNITULA NU'TA'MAK!
P01612,Puedes hacerlo.,YENNITULA NU'TA'MAK
P01613,Tienes vino.,A'ÑAPALA' VINU'
P01614,¡Hipócrita!,¡KATU'LADA!
P01615,Pareces ocupado.,MA'NEN'NU'TAPA'MASU'PU'SU' LLI'TULA
P01616,Pareces enfermo.,KALUWINANPU'SU' LLI'TULA
P01617,Puedes hablar.,YENNITULA LUN'A'MAK
P01618,Debes esperar.,WA'TENTA'MASU' ÑAPALLI
P01619,Necesitas ayuda.,KATU'PA' LUWANTULA
P01620,Necesitas esto.,LUWANTULA ASU'
P01621,Deberías ir.,PA'A'MASU' ÑAPALLI
P01622,Hueles mal.,ANAPILA
P01623,Pareces loco.,WA'DANPINTEK'PU'SU' LLI'TULA
P01624,¿Quieres esto?,¿ASU' LUWANTULA?
P01625,Estabas ocupado.,SAKA'TAPAWINA
P01626,Eras mío.,KUAKIN ÑIWINA
P01627,Eras simpático.,U'CHA'PAYA ÑIWINA
P01628,Fracasarás.,NU'CHIN'CHU
P01629,Trabajas duro.,SAKA'TECHU WATENSU'
P01630,Trabajas mucho.,SAKA'TECHU EMPU'NIPA
P01631,Llegaran lejos.,WEI EK'TUE'CHUNA'
P01632,Llegará lejos.,WEI EK'TUE'CHU
P01633,Lo verás.,LLI'ECHU
P01634,La verás.,LLI'ECHU
P01635,Eres parcial.,DENLEKPIN'TA' ÑAPALA
P01636,¿Bromeas?,¿SI'LENTAPALA'?
P01637,¡Estás bromeando!,¡SI'LENTAPALA!
P01638,Eres guapa.,MULUNSHA NUKA'MA
P01639,Estás soltero.,INAPIKEN NUKA'MA
P01640,Estás delgado.,SHA'MU'SU' NUKA'MA
P01641,Estás dormido.,WICHI'SU' ÑAPALA
P01642,Estás tratando.,YANU'TAPALA
P01643,¿Estoy calificado para el trabajo?,¿MUPALEK SAKA'TUNANKI?
P01644,¿Tenías miedo?,¿TE'KUAWINA?
P01645,¿Estás dormido?,¿WICHI'SU' ÑAPALA?
P01646,¿Vendrás?,¿WENCHE'CHUN?
P01647,¿Vienes?,¿WENCHE'CHUN?
P01648,¿Estás bromeando?,¿SI'LENTAPALA?
P01649,¿Estás soltero?,¿INAPIKEN ÑAPALA?
P01650,Tráemelo.,KERITU'U
P01651,¿Puedo ayudarle?,¿YENNITULEK KATU'PA'A'KIK?
P01652,¿Puedo ayudarte?,¿YENNITULEK KATU'PA'A'KIK?
P01653,¿Puedo besarte?,¿YENNITULEK MUSHA'A'KIK?
P01654,¿Puedo verlos?,¿YENNITULEK LLI'DEK'AK?
P01655,¿Puedo sentarme?,¿YENNITULEK DU'AK?
P01656,¿Podemos proseguir?,¿YENNITATERWA TUPITAK?
P01657,¿Podemos continuar?,¿YENNITATERWA TUPITAK?
P01658,¿Puedes levantarte?,¿YENNITULA YUNSAN'A'MAK? 
P01659,¿Puedes verlo?,¿YENNITULA LLI'A'MAK?
P01660,Vuelve aquí.,ADENCHER' ASEK
P01661,Regresa pronto.,ADENCHER' WIUK'SU'
P01662,Baja aquí.,NU'WANKER' ASEK
P01663,Ven entra.,WEKER' DA'ENCHER'
P01664,"Vamos, hazlo.","PA'AWA , NU'TER'"
P01665,"Vamos, háganlo.","PA'AWA , NU'TUKU'"
P01666,Ven acá.,WENCHER' ASEK
P01667,¿Entendió?,¿LACHEK'LA?
P01668,¿Lo viste?,¿LLI'LA?
P01669,Hágalo mañana.,EKLLI NU'TER'
P01670,¿Te conocemos?,¿LUWER'CHAPALLIDEN?
P01671,¿Lo tienes?,¿A'ÑAPALA?
P01672,¿Me oyes?,¿LAUK'APALUN?
P01673,¿Me escuchás?,¿LAUK'APALUN?
P01674,¿Lo sabes?,¿ÑINCHITAPALA?
P01675,¿Me conocen?,¿LUWER'CHAPALAMA'U?
P01676,¿Nos conoces?,¿LUWER'CHAPALAMA'UDEK?
P01677,¿Te gusta?,¿IYATULA?
P01678,¿Me quieres?,¿LUWANTULUN?
P01679,¿Me amas?,¿LUWANTULUN?
P01680,¿Te gusto?,¿IYATULUN?
P01681,¿Duele esto?,¿IKERLLI ASU'?
P01682,No forcejees.,YANANTAPITA
P01683,Cómete todo.,KA'KER' IÑER'
P01684,Cómanse todo.,KA'KU' IÑER'
P01685,Todos mienten.,IÑER' TUMU'LLINA'
P01686,Todos pagaron.,IÑER' PANWILEK'TULLINA'
P01687,Dáselo.,ENKA'KER'
P01688,Buenas tardes.,MUER'WA
P01689,Pásaselo.,ENKA'KER'
P01690,¡Feliz año!,¡MUEK'KILALA!
P01691,¿Has comido?,¿WERANA?
P01692,¿Comiste?,¿WERANA?
P01693,¿Ya comiste?,¿IPA WERANA?
P01694,Él aceleró.,APINTA'A'TEKALLI
P01695,Tiene barba.,AMU UTEK'WAÑI
P01696,Ha cambiado.,A'PAWILEKLLI
P01697,Es canadiense.,KANADIENSE NUKA'A
P01698,La increpó.,YUTULLI
P01699,Parece enfadada.,YUPA'MASU'PUSU' LLI'TULA
P01700,Vende frutas.,UKU'LATAPALLI WAYUPILUSA'
P01701,Debería venir.,WENCHA'WINSU'
P01702,Quiere ir.,YAPA'LLI
P01703,Se ahogó.,CHIMIDEK'TULLI
P01704,Está deprimido.,WE'INUTAPALLI
P01705,Aquí vienen.,ASEK UK'APILELLINA'
P01706,¿Cuánto es?,¿ENPUDUNCHA?
P01707,"¡Apúrensen, muchachos!",¡WIUK'KU WILALUSA'!
P01708,Ya sé.,IPA' ÑINCHITULEK
P01709,Comí demasiado.,NAKUSU' WERANEK
P01710,Te creí.,LATEKLLIEN
P01711,Presto dinero.,ALANTAPALEK KULLIKER'
P01712,Traje vino.,KERLLIEK VINU'
P01713,Puedo ayudarte.,YENNITULEK KATU'PA'A'KIK
P01714,Puedo demostrarlo.,YENNITULEK A'LLI'TAK
P01715,Lo noto.,LLI'APALEK
P01716,No pico.,KU'LA EK'KUANPINEK
P01717,No sigo.,KU'LA TUPIAPI'NEK
P01718,No entiendo.,KU'LA LACHEK'I'NEK
P01719,Bebo café.,ULEK WAYUSA'
P01720,Me arrestaron.,PILLI'TULLINER'KU'
P01721,Me divorcié.,YANPU'LEK
P01722,Me divertí.,SAKEK'LEK
P01723,Odio bailar.,LUYULEK LANSA'AK
P01724,Detesto bailar.,LUYULEK LANSA'AK
P01725,Odio planchar.,EMPU'DUNCHA'
P01726,Odio trabajar.,LUYULEK SAKA'TAK
P01727,Tengo tos.,ILULEK
P01728,Ni idea.,NINCHICHI'NEK
P01729,Tengo hermanas.,UTRINWANPALEK
P01730,Adoro ganar.,IYATULEK KANA'TAK
P01731,Hice panecitos.,NUTULEK TANTA'SHALA
P01732,Debo regresar.,ADANTA'A'KASU' ÑAPALLI
P01733,Necesito respuestas.,LUWANTULEK NA'PIA'MUSU'
P01734,Necesito descansar.,LUWANTULEK NERIAK
P01735,Necesito trabajar.,LUWANTULEK SAKA'TAK
P01736,Necesitaba dinero.,LUWANTUWINEK KULLIKER'
P01737,Ahora recuerdo.,IPA'LA LLI'INUTULEK
P01738,Te recuerdo.,LLI'INUTAPALLIEN
P01739,Estornudo mucho.,A'SHULEK WAPU'
P01740,Hablo francés.,LUMPALEK FRANCES
P01741,Estudio francés.,A'LEK'APALLINER'KU FRANCES
P01742,Estudio coreano.,A'LEK'APALLINER'KU KOREANO
P01743,Enseño francés.,A'LEK'TAPALEK FRANCES
P01744,Quiero otro.,LUWANTULEK ALI'LA
P01745,Quiero ayudar.,YAKATUPA'TULEK
P01746,Quiero vivir.,YANAMPILEK
P01747,Quiero jugar.,YAINTEKLLITULEK
P01748,Quiero renunciar.,YAYUNSU'LEK
P01749,Quiero descansar.,YANERILEK
P01750,Quiero hablar.,YALUN'NEK
P01751,Quiero trabajar.,YASAKA'TULEK
P01752,Fui arrestado.,PILLITUWIÑINERKU'
P01753,Estaba soñando.,WA'LATAPAWINEK
P01754,Estaba durmiendo.,WICHA'PAWINEK
P01755,Estaba sudando.,ELLIA'PAWINEK
P01756,Fui bienvenido.,MUSU' SEKAPER'LLINERKU
P01757,Estaba agotado.,ÑAPAWINEK SAKA'TUSU'
P01758,Desearía poder.,YEN'NICHINA'KA
P01759,Sería cuidadoso.,ÑI'INAKA INLU'UKTUTEK
P01760,Preferiría morir.,CHIMIN'INA'KA
P01761,Estaré cerca.,KAWIK ÑAPECHEK
P01762,Seré directo.,CHEKSU' ÑECHEK
P01763,Los llamaré.,PEKLUE'CHENMA'
P01764,Te llamaré.,PEKLUE'CHEN
P01765,Lo regañaré.,YUTE'CHEK
P01766,Le reñiré.,YUTE'CHEK
P01767,Te invitaré.,PEKLUE'CHEN
P01768,Soy principiante.,TENMIANSU'PALEK
P01769,Soy músico.,TULUNER'CHEKU NUKA'KA
P01770,Estoy asombrada.,IMANANTUSU' ÑAPALEK
P01771,Estoy apurado.,WIUK'APALEK
P01772,Me desnudo.,INANPILECHEK
P01773,Estoy desempleado.,MAKEK SAKA'TAPI'NEK
P01774,Estoy parado.,WANERAPALEK
P01775,Estoy desempleada.,MAKEK SAKA'TAPI'NEK
P01776,Estoy acostumbrado.,ÑAPALEK DA'IYASU'
P01777,Me vieron.,LLI'LLINER'KU
P01778,Me dispararon.,ILANÑINER'KU
P01779,Me demandaron.,IKER'LALAK AKU'LLINERKU
P01780,Los vi.,LLI'DEK'LEK
P01781,¿Es médico?,¿LULENTUTEKEN'A'CHA?
P01782,¿Es doctor?,¿LULENTUTEK'A'CHA?
P01783,¿Está durmiendo?,¿WICHA'PALLI?
P01784,¿Está dormido?,¿WICHISU'A'CHA?
P01785,¿Es posible?,¿YENNITATER'A'CHA?
P01786,¿Está sano?,¿MUDINUPALLINCHA?
P01787,¿Está mejor?,¿IPA' MULA'LLI?
P01788,Puede hacerse.,YENNITULEK NU'TAK
P01789,No funcionó.,KU'LA SAKA'CHI'ÑI
P01790,Mejora.,TEKDIPERKER
P01791,Es sábado.,SAWADU' NUKA'A
P01792,Huele bien.,U'CHIMU LANELLIEK
P01793,¡Huele rico!,¡IYASU' LANELLIEK!
P01794,Parece fácil.,SAKA'DEK'INPU' LLI'TULLI
P01795,Fue ameno.,U'CHIMU ÑIWIÑI
P01796,Era perfecto.,U'CHIMU ÑIWIÑI
P01797,Fue planeado.,LLI'INUPI ÑIWIÑI
P01798,Estaba nevando.,PULUNKER'APAWIÑI
P01799,Nevaba.,PULUNKER'APAWIÑI
P01800,Estará listo.,INSEK'DIPERPI ÑAPE'CHU
P01801,Es mes de navidad.,ÑIÑUDUKER' NUKA'A
P01802,Me supera.,KANA'LLIU
P01803,Es delicioso.,IYASU' NUKA'A
P01804,Es diferente.,NERPI'LA NUKA'A
P01805,Es idéntico.,NANAPU'SU' NUKA'A
P01806,Está vibrando.,PADA'SA'TAPALLI
P01807,¡Es maravilloso!,¡LIATUSU' NUKA'A!
P01808,Olvídalo ya.,IPA' PINANERKER'
P01809,Simplemente hazlo.,MA'PU'SU'PINTAK NU'TER
P01810,Déjame irme.,TA'ITULA'U PAE'CHEK
P01811,Llévalo contigo.,EKPA'KER KENMALEK
P01812,Consérvalo contigo.,SEKDIPERKER' KENMALEK
P01813,Siga intentando.,INPALERIAPER'
P01814,Sigue buscando.,DUNKER'APER'I'LA
P01815,Déjelo ahí.,TA'ITULER NANEK
P01816,¡Déjame sola!,TA'ITULA'U KUASA'
P01817,Déjanos solos.,TA'ITULA'UDEK KUDASA'
P01818,Déjame explicar.,TA'ITULA'U WINTECHEN
P01819,Déjame sentirlo.,TA'ITULA'U LAUK'ECHEK
P01820,Déjame oírlo.,TA'ITULA'U LAUK'ECHEK
P01821,Déjalos pelear.,TA'ITULA'DEK'KU' IDENMAINA'
P01822,Seamos valientes.,ÑIAWA' NANTAPITEK LUSA'
P01823,Continuemos.,TUPITAWA'
P01824,Comamos aquí.,WERANWA' ASEK
P01825,Practiquemos.,IMPALERIAWA'
P01826,Sentémonos.,DU'AWA'
P01827,Levantémonos.,YUNSANWA'
P01828,Escucha atentamente.,LAU'KER' MUSU'
P01829,¡Escucha esto!,¡LAU'KER' ASU'!
P01830,¿Puedo acompañarle?,¿YENNITULEK KA'TAN'AN'SU'?
P01831,¿Puedo acompañarles?,¿YENNITULEK KA'TAN'AN'MASU'?
P01832,¿Puedo unírmeles?,¿YENNITULEK PIPER'AN'MASU'?
P01833,Muévase ya.,LENME'KER' IPA
P01834,Nadie gritó.,ÑIDEN LAMAPUI'ÑI
P01835,Nadie escucha.,ÑIDEN LAUK'TAPI'ÑI
P01836,Demuéstramelo.,A'LLI'U
P01837,Dilo claramente.,TUKER' TEKINCHIWALEK
P01838,¿Empezamos?,¿TENMIANSU'TER?
P01839,¿Comenzamos?,¿TENMIANSU'TER?
P01840,¿Quiere bailar?,¿YALANSA'LLI?
P01841,¿Bailamos?,¿LANSA'WA?
P01842,La cogieron.,PILLI'TULLINA'
P01843,Estaba llorando.,WELLIEK'APAWIÑI
P01844,¿Debería cerrar?,¿UNKU'TUWINANSIN?
P01845,Apareció humo.,LLI'TULLI KELLIU
P01846,Fumar apesta.,U'WA'TAK ANALLI
P01847,Estuvo cerca.,ÑAPAWIÑI KAWIK
P01848,¡Increíble!,¡LATEK'I'NEK!
P01849,Es correcto.,MULLINCHA'
P01850,Es evidente.,LATEK'LANAÑI
P01851,Está claro.,LATEK'LA NAÑI
P01852,Es obvio.,LATEK'LA NAÑI
P01853,Es ese.,NUKA'A NANA
P01854,Qué malo.,MUKANKANINPU'
P01855,Ellos aplaudieron.,NAWA' INLLIPU'ITEKLATULLINA'
P01856,Le preguntaron.,LEK'KLLINA'
P01857,Ambos murieron.,NU'MISANSU' CHIMIÑINA'
P01858,Tienen vino.,A'ÑAPALLINA' VINU'
P01859,Ellos discutieron.,NAWA' INYUTULLINA'
P01860,Quieren más.,LUWANTULLINA' A'PINTA
P01861,Estaban muertos.,ÑAPAWIÑINA' CHIMIPI
P01862,Estaban enfermos.,ÑAPAWIÑINA' KALUWI'SU'
P01863,Ellos ayudarán.,NAWA' KATU'PA'TECHUNA'
P01864,Trabajan mucho.,SAKA'TULLINA' NAKUSU'
P01865,Atacarán.,PANPER'ECHUNA'
P01866,Ellos atacarán.,NAWA PANPER'CHECHUNA'
P01867,Vienen.,UK'APILELLINA'
P01868,Están fatal.,MUINSU' ÑAPALLINA'
P01869,Están dentro.,KINEKLA' ÑAPALLINA'
P01870,Piénsatelo.,INLLI'INUKER'
P01871,Piénsalo.,INLLI'INUER'
P01872,Este funciona.,ASU' SAKA'TECHU'
P01873,Falta Tomás.,PAWANPALLI CHUMA
P01874,Tom canta.,TOM TULUNER'LLI
P01875,Tom recordó.,TOM LLI'INUTULLI
P01876,Tom entendió.,TOM LACHEK'LLI
P01877,Tom luchará.,TOM IDENMECHU
P01878,"¡Tom, respóndeme!","¡TOM , NA'PIU!"
P01879,Ten cuidado.,INLU'UK'TUKER'
P01880,Somos médicos.,LULENTUTEK NUKA'KAWA'
P01881,Bebimos mucho.,NAKUSU' ULLIDEK
P01882,Le perdonamos.,TA'ITULA'LLIDEK
P01883,Necesitamos ganar.,LUWANTULLIDEK KANA'TAK
P01884,Necesitábamos ayuda.,LUWANTULLIDEK KATU'PA'
P01885,Deberíamos ayudar.,KATU'PA'TUWINANSU'
P01886,Fuimos culpados.,A'APITULLINER'KUDEK
P01887,Estábamos bromeando.,SI'LENTAPAWIÑIDEK
P01888,Estaremos felices.,MUSU' ÑAPE'CHIDEK
P01889,Ahí estaremos.,NANEK ÑAPATERWA'
P01890,Lo pintaremos.,LLINSERLLIDEK
P01891,Te salvaremos.,A'CHIYEK'ECHIDEN
P01892,Somos hermanos.,IIN NUKA'KAWA
P01893,Estamos divorciados.,YANPU'SU' ÑAPALLIDEK
P01894,Somos inquietos.,WADANPINTEK NUKA'KAWA'
P01895,Estamos colgados.,ÑAPALLIDEK WINTENSU'
P01896,Somos minuciosos.,INLU'UK'TUTEK NUKA'KAWA'
P01897,Los tenemos.,A'ÑAPALEKDEKWA'
P01898,Tenemos esto.,A'ÑAPALEKWA' ASU'
P01899,¿Estabas solo?,¿KENMASA' ÑAPAWINA?
P01900,¿Estabas allí?,¿NANEK ÑAPAWINA?
P01901,¡Buen país!,¡U'CHIMU ÑINALU'!
P01902,¡Buen pensamiento!,¡U'CHIMU LLI'INU!
P01903,¿Y tú?,¿KENMA?
P01904,¿Qué necesito?,¿MA'NEN LUWANTULEK?
P01905,¿Cuándo termina?,¿ENPI' TA'WANTECHU?
P01906,¿Dónde estabas?,¿ENÑUPA' ÑAPAWINA?
P01907,¿Lo harás?,¿NU'TECHU'?
P01908,¿Lo harán?,¿NU'TECHUMA'?
P01909,"Sí, claro.",TEKINCHI
P01910,"Sí, ciertamente.",TEKINCHI
P01911,Me ignorabas.,LUWER'CHI'NUN
P01912,Me ignoraste.,LUWER'CHI'NUN
P01913,Me mentiste.,TUMU'TULUN
P01914,Nos mentiste.,TUMU'TULUNDEK
P01915,Pareces cansado.,SAKA'TA'MASU'PU'SU' LLI'TULA
P01916,Pareces molesto.,YUPA'MASU'PU'SU'  LLI'TULA
P01917,Puedes negarte.,KU'LA TUNANSIN
P01918,Necesitan dinero.,LUWANTULLINA' KULLIKER
P01919,Hueles bien.,LANERLLIEN U'CHIMU
P01920,Quédese ahí.,LLIA'KER NANEK
P01921,Fuiste valiente.,NANTAPITEK ÑIWINA
P01922,Estabas feliz.,MUSU' ÑAPAWINA
P01923,Estaban felices.,MUSU' ÑAPAWIÑINA'
P01924,Son increíbles.,LATEK'INPU'PILUSA' NUKER'KA
P01925,Estás enamorado.,YAKU'APER'WANA
P01926,Estás invitado.,PEKLUPI NUKA'MA
P01927,Eres paciente.,WA'TENTUTEK NUKA'MA
P01928,Estás ganando.,KANA'TAPALA
P01929,Están ganando.,KANA'TAPALLINA'
P01930,Estás herida.,KALUWI'PALA
P01931,Has cambiado.,A'PAWILEK'LA
P01932,Quien sea.,DENPINTA' ÑI'I
P01933,¿Terminamos?,¿A'TA'WANTULEKWA'?
P01934,¿Estás emocionado?,¿SAKEK'SU' ÑAPALA?
P01935,¿Están bien?,¿MUSU' ÑAPALAMA'?
P01936,¿Estás saludable?,¿MUDINU'PALA?
P01937,¿Estás sano?,¿MUDINU'PALA?
P01938,¿Estás jodiendo?,¿A'PE'CHAPALA?
P01939,¿Estás mirando?,¿LLI'TAPALA?
P01940,¿Estás casado?,¿SADASU'CHA ÑAPALA?
P01941,¿Estás casada?,¿SUDASU'CHA ÑAPALA?
P01942,¿Son hermanas?,¿KAI'KUALUSA' NUKA'MAMA'?
P01943,¿Estás ganando?,¿KANA'TAPALA?
P01944,¿Estás trabajando?,¿SAKA'TAPALA?
P01945,Pregúntame mañana.,LEK'KU EK'KLLI
P01946,Acércalo.,A'KAWITER'
P01947,Traeme eso.,KERITU'U NANA
P01948,¿Puedo probármelo?,¿YENNITULEK LATA'AK?
P01949,¿Pueden vernos?,¿YENNITULLINA LLI'ER'KENMUAK?
P01950,¿Podemos probarlo?,¿YENNITULEKWA' LATA'AK?
P01951,¿Puedes encontrarlo?,¿YENNITULA KANAN'A'MAK?
P01952,¿Puedes oírme?,¿YENNITULA LAUK'A'MUK?
P01953,¿Puedes oírnos?,¿YENNITULA LAUK'A'MUDEK?
P01954,¿Puedes ayudarme?,¿YENNITULA KATUPA'A'MUK?
P01955,¿Pueden ayudarme?,¿YENNITULAMA KATUPA'A'MUK?
P01956,¿Puedes abrirlo?,¿YENNITULA EK'KER'CHA'MAK?
P01957,¿Puedes mostrarme?,¿YENNITULA A'LLI'A'MUK?
P01958,"Vamos, levántate.","YUNSANKER' , ENCHU"
P01959,Defiéndete.,INLU'UKTER'
P01960,¿Me oíste?,¿LAUK'LUN?
P01961,¿Te gustó?,¿IYA'TULA?
P01962,¿Les gustó?,¿IYA'TULAMA?
P01963,¿Me querías?,¿LUWANTUWINUN?
P01964,¿Me amabas?,¿LUWANTUWINUN?
P01965,¿Lo hiciste?,¿NU'TULA?
P01966,¿Me extrañaste?,¿LU'WAN'NUN?
P01967,Hazlo ahoritita.,NU'TER' IPIA'LASHINCHI
P01968,¿Comés carne?,¿CHUCHU KA'A'PALA?
P01969,¿Está mal?,¿ÑAPALLI MUIN'SU?
P01970,¿Tienes uno?,¿A'ÑAPALA ALA'SA'?
P01971,¿La conoces?,¿LUWER'CHAPALA?
P01972,¿La conocen?,¿LUWER'CHAPALAMA?
P01973,¿Le conoce?,¿LUWER'CHAPALLI?
P01974,¿Lo recuerdas?,¿LLI'INUTAPALA?
P01975,¿Tú crees?,¿KENMA LATEKTAPALA?
P01976,¿Usted cree?,¿KENMA LATEKTAPALA?
P01977,¿Le quieres?,¿LUWANTAPALA?
P01978,¿Me conoce?,¿LUWER'CHAPALUN?
P01979,No interfieras.,YATU'NEKTUTA
P01980,No mientas.,YATUMU'TA
P01981,¡No mientas!,¡YATUMU'TA!
P01982,Todos miraron.,IÑER'DAPER' LLI'TULLINA'
P01983,Todos oraron.,IÑER'DAPER' MALLIA'LLINA'
P01984,Todos sonrieron.,IÑER'DAPER YAMERLADALLINA'
P01985,Dales dinero.,ENKA'DEKER' KULLIKER'
P01986,¡Dámelas!,¡ENKA'U!
P01987,¡Dámelos!,¡ENKA'U!
P01988,"Genial, ¿no?",U'CHIMUINCHI ¿I'YA?
P01989,Él salió.,NANA YUNSU'LLI
P01990,Es etíope.,ETIOPE NUKA'A
P01991,Sobrevivirá.,CHIMILLINKEKLA NANPICHU
P01992,Escribe libros.,LLINSERCHER' KERKA'LUSA'
P01993,"Ten, pruébatelo.","MA'A'TASU' , LATAKER'"
P01994,¡Qué humillante!,¡EMPU'NI DAKUTA!
P01995,¡Qué interesante!,¡EMPU'NI LUYAIPA'!
P01996,¿Cómo terminará?,¿MA'PU'SU' TA'WANTECHU?
P01997,¡Apúrate niña!,¡WIUKER' WILA!
P01998,"¡Apúrensen, muchachas!",¡WIUKU' WILALUNLUSA!
P01999,La llamé.,PEKLU'LEK
P02000,Puedo regresar.,YENNITULEK ADANTA'AK
P02001,Me resfrié.,ILUWINEK
P02002,Me acobardé.,SAPULEK
P02003,No escuché.,LAUK'I'NEK
P02004,Odio pelear.,LUYULEK IDENMAAK
P02005,Detesto pelear.,LUYULEK IDENMAAK
P02006,Odio estudiar.,LUYULEK KERKA' 
P02007,Tengo caspa.,AÑAPALEK KISEK'MUTU'
P02008,Tengo tarea.,AÑAPALEK YANU'TAK
P02009,Volví.,ADENCHA'LEK
P02010,Sigo estornudando.,A'SHUPALEKPI'LA
P02011,Aprendí mucho.,NINCHITULEK WAPU'
P02012,Adoro aprender.,IYATULEK ÑINCHITAK
P02013,Debo encontrarlo.,KANAN'A'KASU' ÑAPALLI
P02014,Debo ayudarlo.,KATU'PA'A'KASU' ÑAPALLI
P02015,Debo advertirle.,WINTA'KASU' ÑAPALLI
P02016,Necesito Internet.,LUWANTULEK INTERNET
P02017,Necesito entrar.,YADA'LEK
P02018,Pedí pizza.,PIZZA LEKTULEK
P02019,Le burlé.,TUMU'TULEK
P02020,Lo reconozco.,LUWER'CHULEK
P02021,Hablo inglés.,LUNPALEK INGLES
P02022,Hablo español.,LUNPALEK ESPAÑOL
P02023,Estudio inglés.,ALEK'APALLINER'KU INGLES
P02024,Despierto temprano.,NANPILADAPALEK SHAMPASIK
P02025,Quiero aquél.,LUWANTULEK NANA
P02026,Quiero bailar.,YALANSA'LEK
P02027,Quiero conducir.,YAEKPA'LEK
P02028,Quiero manejar.,YAEKPA'LEK
P02029,Quiero aprender.,YAÑINCHITULEK
P02030,Quise llorar.,YAWELLIEKWINEK
P02031,Quise pagar.,YAPANWILEK'TUWINEK
P02032,Nací aquí.,ASEK WADEKLLINER'KU
P02033,Fui despedido.,USU'LLINER'KU
P02034,Estaba escuchando.,LAUK'TAPAWINEK
P02035,Seguiré.,TUPIECHEK
P02036,Estaría agradecido.,YUSPEINE'PI ÑAPINA'KA
P02037,Lo arreglaré.,TEKDIPER'ECHEK
P02038,Estaré contento.,MUSU' ÑAPE'CHEK
P02039,Con placer.,SAKEKSU'LEK
P02040,Seré paciente.,WA'TENTUTEK ÑIECHEK
P02041,Estaré esperando.,WA'TENTAPECHEK
P02042,Traeré vino.,KERE'CHEK VINU'
P02043,Lo buscaré.,DUNKER'ECHEK
P02044,Te premiaré.,PANUERKEN
P02045,Te recompensaré.,PANUERKEN
P02046,Estoy comprendiendo.,LACHEK'APILALEK
P02047,Me carcajeo.,YAMERLEK
P02048,Estoy avergonzado.,ÑAPALEK DAKUTA'SU'
P02049,Estoy ayudando.,KATU' PA'TAPALEK
P02050,Solo pregunto.,LEKTAPALEKSA'
P02051,Solo bromeo.,SI'LENTAPALEKSA'
P02052,Voy saliendo.,YUNSU'PILALEK
P02053,Soy zurdo.,AMENNAN NUKA'KA
P02054,Soy miope.,UMILU'LADA' NUKA'KA
P02055,Soy responsable.,LATEK'TUTEK NUKA'KA
P02056,Sigo vivo.,NANPI'PALEK'I'LA
P02057,Lo cambié.,A'PAWILEKLEK
P02058,Estoy constipado.,ÑAPALEK A'MECHAILUSU
P02059,Suficiente.,NANASA'
P02060,Tuve suficiente.,A'ÑIWINEK NANASA'
P02061,Oí eso.,LAUK'LEK NANA
P02062,¿Es maestro?,¿A'LEK'TUTEK' NUKA'A?
P02063,¿Respira?,¿NERIAPALLI?
P02064,¿Está satisfecho?,¿MUSU' ÑAPALLI?
P02065,¿Es venenoso?,¿SULLIMAN WANPALLI?
P02066,No duele.,KU'LA IKER'I'ÑI
P02067,¡Suena genial!,¡ILLIÑI U'CHIMU!
P02068,Sabía dulce.,KASERSU' ÑIWIÑI
P02069,Todo terminó.,IÑER' TA'WANTULLI
P02070,Fue emocionante.,MUSU' ÑAPAWIÑI
P02071,Era fabuloso.,U'CHIMU'ÑIWIÑI
P02072,Pronto lloverá.,IPIA'LA U'LENCHU
P02073,Está botado.,DEKPI ÑAPALLI
P02074,Es imposible.,YIENNICHI'NEK 
P02075,¡Es increíble!,¡LATEK'INBU' NUKA'A!
P02076,Es irrelevante.,MA'KEK'PACHI'ÑI
P02077,Es engañoso.,TUMU'TEK' NUKA'A
P02078,Es refrescante.,SANEK'PIAK' NUKA'A
P02079,Solo ignórala.,LUWE'CHINBUER'
P02080,Ignórala.,LUWE'CHINBUER'
P02081,Solo continúa.,TUPITER'SA'
P02082,Solo pruébatela.,LATAKER'SA'
P02083,Sigue sonriendo.,YAMERLADAPER'I'LA
P02084,Siempre ríe.,NERPI'PU' YAMER'KER
P02085,Seguí practicando.,TUPITULEK INPALERIAMU
P02086,Sigue practicando.,TUPITER' INPALERIAN
P02087,Sigan practicando.,TUPITUKU' INPALERIANMA'
P02088,Déjame llevarlo.,TA'ITULA'U EKPE'CHEK
P02089,Déjame averiguarlo.,TA'ITULA'U LEK'TECHEK
P02090,Déjame arreglarlo.,TA'ITULA'U TEKDIPERECHEK
P02091,Déjame sentarme.,TA'ITULA'U DU'ECHEK
P02092,Hagámoslo ahora.,NU'TAWA' IPA'LA
P02093,Primero comamos.,NANENTU WERANWA'
P02094,Comamos sushi.,KA'AWA' SUSHI
P02095,Remontemos barriletes.,A'PENU'WA' BARRILETES
P02096,Remontemos cometas.,A'PENU'WA' COMETAS
P02097,Volemos cometas.,A'PENU'WA' COMETAS
P02098,Olvidémoslo.,PINANER'AWA'
P02099,Llevémonos bien.,IN'EKPA'WA' MUSU'
P02100,Emborrachémonos.,LUPER'AWA'
P02101,Curémonos.,INLULEN'AWA'
P02102,Alistémonos.,INSEKDIPERAWA'
P02103,Descansemos aquí.,NERIAWA' ASEK
P02104,Quedémonos acá.,LLIA'AWA' ASEK
P02105,Paremos aquí.,WANERAWA' ASEK
P02106,Esperemos aquí.,WATENDAWA' ASEK
P02107,Achícalo.,DE'A'MERKER'
P02108,¡Haz ruido!,¡A'ILLINKER'!
P02109,¡Feliz Navidad!,¡U'CHIMU ÑIÑUDUKER!
P02110,Nadie respondió.,ÑIDEN NA'PICHI'ÑI
P02111,Coge una.,MAKER' ALA'SA'
P02112,Repítemelo.,ITUNUNTA'U
P02113,Mándemelos.,A'UKTU'U
P02114,Ella desapareció.,NANA WER'LLI
P02115,Lo abofeteó.,LLIAKA'UK ENKA'LINA
P02116,Es brasileña.,BRASHIKA NUKA'A 
P02117,Siéntate derecho.,CHEKSU' DU'KER'
P02118,Siéntese recto.,CHEKSU' DU'KER'
P02119,Alguien llamó.,DENIPA' PEKLU'TULLI
P02120,Alguien tosió.,DENIPA' CHINKU'LLI
P02121,Cógelo todo.,MAKER' IÑER'
P02122,Es dudoso.,LATEK'INPU'SU' NUKA'A
P02123,Es falso.,TUMU' NUKA'A
P02124,Hay reglas.,ÑAPALLI LA'LA'LUSA'
P02125,Son lindos.,U'CHIMUSHALA NUKER'KA
P02126,Están amarillos.,SHA'PI'SU'SA' ÑAPALLINA
P02127,Son amarillas.,SHA'PI'SU'SA' NUKER'KA
P02128,Cenaron.,WERAÑINA'
P02129,Ellos cenaron.,NAWA' WERAÑINA'
P02130,Me engañaron.,TUMU'TULLINER'KU
P02131,Me ignoraron.,LUWER'CHI'ÑINER'KU
P02132,Viven allá.,NANEK NANPIPALLINA'
P02133,Parecen felices.,LLI'TULLINA' MUSU'
P02134,Me ataron.,TENPU'LLINERKU'
P02135,Lo entendieron.,LACHEK'LLINA'
P02136,Estaban listos.,INSEKDIPERPI ÑAPAWIÑINA'
P02137,Estaban equivocados.,ÑAPAWIÑINA' PEKTUNSU'
P02138,Me matarán.,DEI'TECHUNER'KU
P02139,Les gustará.,IYATECHUNA'
P02140,Responderán.,NA'PITECHUNA'
P02141,Están discutiendo.,INYUTAPALLINA'
P02142,Son correctos.,TEKINCHILUSA' NUKER'KA
P02143,Son primos.,I'INLUSA' NUKER'KA
P02144,Están bailando.,LANSA'PALLINA'
P02145,Son amigos.,EKUANLUSA' NUKER'KA
P02146,Están celosos.,A'PISADATUTEKLUSA' ÑAPALLINA'
P02147,Están casados.,SADASU' ÑAPALLINA'
P02148,Son hermanas.,KAIKUALUSA' NUKER'KA
P02149,Son especiales.,U'CHIMUINCHILUSA' NUKER'KA
P02150,Están conmigo.,KUALEK ÑAPALLINA'
P02151,Están trabajando.,SAKA'TAPALLINA'
P02152,Tom aceleró.,TOM NAKUSU' A'TEKA'LLI
P02153,Tom desapareció.,TOM WER'LLI
P02154,Tomás entiende.,CHUMA LACHEK'LLI
P02155,Tom recordará.,TOM LLI'INUTECHU
P02156,Lava todo.,PAMUER' IÑER'
P02157,Mira cuidadosamente.,LLI'KER' UTI'LAKLA
P02158,Somos profesores.,A'LEK'TUTEK'LUSA' NUKA'KAWA'
P02159,Comimos juntos.,WERANEKWA' KENMU'LEK
P02160,Podemos ayudarte.,YENNITULEK'WA' KATU'PA'A'KIK
P02161,Podemos ayudarlos.,YENNITULEK'WA' KATU'PA'A'KAWAK
P02162,Cerramos temprano.,SHAMPASIK UNKU'TULEKWA'
P02163,Tenemos visita.,A'ÑAPALEKWA' DA'LUSA'
P02164,Hicimos waffles.,NU'TULEKWA'  WAFFLES
P02165,Deberíamos ganar.,KANA'TA'KAWA'SU' ÑAPALLI
P02166,Compartimos ideas.,A'NAÑIWA' LLI'INULUSA'
P02167,Hablamos francés.,LUMPALLIDEK FRANCES
P02168,Estudiamos francés.,ÑINCHITAPALLIDEK FRANCES
P02169,Andamos mucho.,DEK'KUNTAPALLIDEK' WAPU'
P02170,Queremos ayudar.,YAKATU'PA'LLIDEK
P02171,Queremos saber.,YAÑINCHITULLIDEK
P02172,Queremos hablar.,YALUNÑIDEK
P02173,Queremos votar.,YADEKLLIDEK
P02174,Éramos amigos.,EKUANÑIWIÑIDEK
P02175,Estábamos hablando.,LUMPAWIÑIDEK
P02176,Seremos asesinados.,DEI'TECHUNER'KUDEK
P02177,Los detendremos.,TU'NEK'ECHIDEK
P02178,Estamos disponibles.,INAPI ÑAPALLIDEK
P02179,Estamos seguros.,MUSU'LU'UKPI ÑAPALLIDEK
P02180,Estamos escuchando.,LAUK'TAPALLIDEK
P02181,Estamos organizados.,MUMUSU' ÑAPALLIDEK
P02182,Somos prisioneros.,SIPUK'ÑAPALLIDEK
P02183,Estamos satisfechos.,SAKEKSU' ÑAPALLIDEK
P02184,Estamos separados.,YAMPU'SU' ÑAPALLIDEK
P02185,Tenemos esos.,NANADAPER A'ÑAPALLIDEK
P02186,Los perdimos.,A'WER'LLIDEK
P02187,¿Estabas llorando?,¿WELLIEK'APAWINA?
P02188,¿Qué dijo?,¿MA'TULLI?
P02189,¿Qué hiciste?,¿MA'NEN'NU'TULA?
P02190,¿Qué falta?,¿MA'NENPAWANPALLI?
P02191,¿Cuándo acabó?,¿ENPI'TA'WANTULLI?
P02192,¿Cuándo correrás?,¿ENPI'TEKE'CHU?
P02193,¿Quien ayudó?,¿DEN'KATU'PA'TULLI?
P02194,¿Quién contribuyó?,¿DEN'KATU'PA'TULLI?
P02195,Escribe algo.,LLINSE'CHER' MANEN'UNTA'
P02196,Anota eso.,LLINSER'KER' NANA
P02197,Anoten eso.,LLINSER'KU' NANA
P02198,Anota esto.,LLINSER'KER' ASU'
P02199,Anote esto.,LLINSER'KER' ASU'
P02200,Anoten esto.,LLINSER'KU' NANA
P02201,Me traicionaste.,WA'DANPILAPILUN
P02202,Nos traicionaste.,WA'DANPILAPILUNDEK
P02203,Nos engañaste.,TUMU'TULUNDEK
P02204,Puedes entrar.,YENNITULADA'A'MAK
P02205,Puedes decírnoslo.,YENNITULA WINTA'MUDEK
P02206,Pareces triste.,LLI'TULA WE'INUTUSU'
P02207,Deberías descansar.,NERIA'MASU' ÑAPALLI
P02208,Deberían quedarse.,LLIA'A'MAMASU' ÑAPALLI
P02209,Tú dormías.,KENMA WICHI'WINA'
P02210,Ustedes dormían.,KENMAMA' WICHI'WINAMA'
P02211,Mejor vete.,A'PIMUECHU PAKER'
P02212,Te perderás.,WER'ECHU
P02213,Estás soñando.,WA'LATAPALA
P02214,Eres nervioso.,TEKUA'TEK NUKA'MA
P02215,Estás estancado.,PILLI'PI ÑAPALA
P02216,Estás atascado.,DA'SEK'SU' ÑAPALA
P02217,¿Eres mago?,¿NUKA'MA A'I'KECHEKTUTEK?
P02218,¿Eres real?,¿TEKINCHI NUKA'MA?
P02219,¿Estás embarazada?,¿KADU'LUNSU' ÑAPALA?
P02220,¿Son estudiantes?,¿ÑINCHITULUSA' NUKA'MAMA'?
P02221,¿Estudias?,¿KERKA' ÑINCHITAPALA?
P02222,Pregúntaselo.,LEKKER'
P02223,Respira normal.,NERIKER' U'CHIMU
P02224,Respira tranquilo.,NERIKER' U'CHIMU
P02225,¿Me permiten?,¿TA'ITULE'CHUNER'KU?
P02226,¿Puedo salir?,¿YENNITULEK YUNSU'AK?
P02227,Sigue cavando.,IWA'TAPER'I'LA
P02228,¡Contrólate!,¡INLU'UK'TER!
P02229,¿Tienes cerveza?,¿A'ÑAPALA CERVEZA?
P02230,¿Tienen hijos?,¿WILAWANPALAMA'?
P02231,¿Tienes hijos?,¿WILAWANPALA'?
P02232,¿Tienes arroz?,¿PUMULADAWANPALA?
P02233,¿Tienen arroz?,¿PUMULADAWANPALAMA'?
P02234,¿Los conoces?,¿LUWER'CHAPADEKLA?
P02235,¿Vives aquí?,¿ASEK NANPIPALA?
P02236,¿Viven aquí?,¿ASEK NANPIPALAMA'?
P02237,Escaparon todos.,IÑER' CHIYEKLLINA'
P02238,Explícamelo.,MUSU' WINTU'U
P02239,¡Buen viaje!,¡PAKER' MUSU'!
P02240,No duerme.,KU'LA WICHA'PI'ÑI
P02241,No fuma.,KU'LA U'WA'TA'PI'ÑI
P02242,Odia correr.,LUYU'LLI TEKA'AK
P02243,Ama cantar.,TANTENÑI TULUKER'AK
P02244,Quiere venir.,YA'WENCHA'LLI
P02245,Está envejeciendo.,TASERPITAPILALLI
P02246,Está inconsciente.,INLLI'INUINSU' ÑAPALLI
P02247,Un momentito.,WA'TENKER'
P02248,¿Cuánto mides?,¿EMPU'DUN PICHIAPALA?
P02249,Pedí comida.,WERAN LEKTULEK
P02250,Me engripé.,ILU ENKA'LLIU
