ESP,SHIWILU
Ve.,PAKER'
Vete.,PAKER'
Vaya.,PAKER'
Hola.,MA'PU'SIN
¡Corre!,TEKKER'
¿Quién?,¿DEN?
¡Fuego!,¡PEN!
¡Incendio!,¡UKEÑAN!
¡Ayuda!,¡KATU'PA'!
¡Socorro! ¡Auxilio!,¡KATU'PA'! ¡KATU'PA'!
¡Auxilio!,¡KATU'PA'!
¡Salta!,¡INDEKKER'!
¡Para!,¡TA'ITULER'!
¡Espera!,¡WA'TEN'KER'!
Esperen.,¡WA'TEN'KU'!
¡He ganado!,¡KANA'TULEK!
"¡Oh, no! (masculino)",¡SHAW!
"¡Oh, no! (femenino)",¡ASHA!
Sonríe.,YAMER
Sonrían.,YAMERKU'
¡Al ataque!,¡PAKU' LLIPU'TUDEK'KUNKU'!
Levanta. (un objeto),USANKER'
Levanta. (pararse),YUNSANKER'
¡Tengo!,¡A'ÑAPALEK!
¿Entendiste?,¿LACHEK'LA?
Él corrió.,NANA TEKAKLLI
Métete adentro.,DA'KER' KINEKLA
Abrázame.,WIPERI'U
Me caí.,ANU'LEK
Salí.,YUNSU'LEK
Mentí.,TUMU'LEK
Perdí. (opuesto de ganar),WER'LLIEK
Perdí. (extraviar),A'WER'LLIEK
Renuncié.,TA'ITULA'LEK
Estoy trabajando.,SAKA'TAPALEK
Tengo diecinueve.,A'ÑAPALEK SHUNKA'ISKUN
Estoy levantado.,YUNSANSU' ÑAPALEK
Escucha.,LAU'TER
Escuché.,LAU'TULEK
Escuchen.,LAU'TUKU'
Escucharon.,LAU'TULLINA'
Estoy escuchando.,LAU'TAPALEK
Estoy abriendo mi boca.,LAUK'APALEK
¡Imposible!,¡SAKA'DEK!
¿En serio?,¿TEKINCHI?
¿La verdad?,¿TEKINCHI?
¡Gracias!,¡YUSPEINET'ECHUN!
Gracias.,YUSPEINET'ECHUN
Pruébalo. (saborear),LATA'KER
Pruébalo. (intentar),TEKLE'RIER'
Lo procuramos.,TEKLE'RIER'CHIDEK
Ganamos.,KANA'LLIDEK
Estate tranquilo.,MUSU' ÑAPAKER'
Sean gentiles.,MUKANKAN ÑIKER'
Sé agradable.,MUKANKAN ÑIKER'
Llámame.,PEKLU'U
Llámanos.,PEKLU'UDEK
Entre.,DA'KERKER'
Pase.,DA'KERKER'
¡Entren!,¡DAKER'KU'!
Suéltalo.,APU'KER'
Bájate.,NU'WANKER'
Sal. ,YUNSUER'
Sal. ,DAMULA
Salgan.,YUNSU'KU'
¡Largo!,¡PAKER'!
Largo ,SHIN
¡Vete ya!,¡PAKER'!
Lárguese.,¡PAKU'!
Vaya despacio.,PAKER' UTI'LA
¡Hasta luego!,¡PANTE'CHEK!
¡Chau!,¡PANTE'CHEK!
¡Un segundo!,¡IPIA'LASHA!
Agarra fuertemente.,PILLI'TER' IKERSU'
Dolor,IKER
El ají pica,NUKA' IKERLLI
Él vino.,NANA UK'LLI
Él renunció.,NANA YUNSU'LLI
Ayúdame.,KATU'PA'U
Ayúdanos.,KATU'PA'UDEK
Espera.,WA'TENKER'
Resista.,YAN'KATEK'TER'
Resiste.,YAN'KATEK'TER'
De acuerdo.,MUETCHUN
Me incliné.,YEN'NER'LEK'
Dormí.,WICHI'LEK
Durmiendo,WICHA'PALEK
Me voy a dormir,WICHIN'DEK'CHEK
Voy a dormir,WICHI'ECHEK
Lo intenté.,TEKLE'RILEK'
Iré.,PA'ECHEK
Soy Tom.,NUKA'KU TOM
Estoy gordo.,WEIPENSU' ÑAPALEK
Soy gorda.,WEILUNSU' NUKA'KA
Estoy afectado.,MUIN'SU' ÑAPALEK
Soy viejo.,TASERPIKU
Soy tímido.,TEKUA'DANDE'KU
Estoy mojada.,WIWERAPALEK
Está bien.,MUPALLI
Soy yo.,KUA NUKA'KA
Guárdalo.,SEKDIPERKER'
"Yo, también.",KUANTA'
Abre.,EK'KE'CHER'
¡Perfecto!,¡MUPALLI!
Nos vemos.,INLLI'TER
Enséñamelo. (pasar conocimiento),ALEK'U
Enséñamelo. (muestramelo),ALLI'U
Muestrame.,ALLI'U
Hasta luego.,PANTE'CHEK
Páralo. (poner vertical),A'WANERKER'
Páralo. (detener),TU'NEKER'
Deténlo.,TU'NEKER'
Cógelo.,MAKER'
Macambo (fruta),MAKER
Dimelo.,ITU'U
Tom comió.,TOM WERANPALLI
Tom corrió.,TOM TEKA'LLI
Tom ganó.,TOM KANA'TULLI
Espérame despierto.,WA'TEN'U NANPISU'
¡Despierta!,¡NANPIKER'!
Despierta.,NANPIKER'
Crudo,NANPI
Vivo,NANPI
Lo sabemos.,ÑINCHITAPALLIDEK
Perdimos.,WER'LLIDEK
Bienvenidos.,MUWENCHA'KU'
Bienvenidas.,MUWENCHA'KU'
Bienvenido.,MUWENCHA'KER'
¿Quién comió?,¿DEN'INA' KA'LLI?
¿Quién corría?,¿DEN'INA' TEKA'LLI?
¿Quién corrió?,¿DEN'INA' TEKA'LLI?
¿Quién ganó?,¿DEN'INA' KANA'TULLI?
Corre.,TEK'KER'
Has ganado.,KANA'TULA
¿Estoy gordo?,¿WEIPENSU' ÑAPALEK?
Pregúntale.,LEK'KER'
Pregúntales.,LEK'KER'
Apártate.,PAKER' ÑILUPA'
Sé fuerte.,NANTAPITEK' ÑIKER'
Sea breve.,EMPU'NI YALUNTA'
Sean breves.,EMPU'NI YALUNTAMA'
Estate quieto.,YALENMEKTA'
Anímate.,NANTA'PIKER
Venga.,WENCHER'
Ven a beber,UENCHER'
¡Cálmate!,¡TUNA'KER'!
Espósale.,TENPU'KER'
Arregla esto.,ASU' TEKDI'PER'KER'
Abajo.,DAWIK'
Túmbate.,ANU'KER'
¡Piérdete!,¡WER'KER'!
¡Piénsalo bien!,¡MUSU' LLI'INUTER'!
Adelante. (ingresa),DA'ENCHER'
Adelante. (parte superior),EKTER
Adelántante,EKTE'CHER'
Se adelantará.,EKTE'CHECHU
Se adelantarán.,EKTE'CHECHUNA'
Entra.,DA'ENCHER'
Entren.,DA'ENCHA'KU'
¡Buen trabajo!,¡MUSA'KA'TUNA!
Agárralo.,PILLI'TER'
Diviértanse.,SAKEK'KU'
Pásala bien.,MUSU'NAKUKER'
Pásenla bien.,MUSU'NAKUKU'
Él habló.,NANA LUNÑI
Él prueba.,NANA LATA'LLI
Ayúdalo.,KATU'PER'
Buenas.,MULUSA'
¡Qué encanto!,¡EMPU'NI MUSHIPA'!
Compláceme.,A'SAKEK'U
¡Date prisa!,¡WIUKER'!
Apresúrate.,WIUKER'
Estoy viejo.,TASERPIKU'
Puedo ir.,YENNITULEK PA'AK
Lo hice.,NU'TULEK
Fracasé.,A'APER'LEK'
Lo olvidé.,PINANER'LEK'
Lo entiendo.,LACHEK'APALEK
Lo tengo.,A'ÑAPALEK
Me niego.,LUWANCHI'NEK
Renuncio.,YUNSU'LEK'
Lo vi.,LLI'LEK
Sonreí.,YAMERLADALEK'
Reí.,YAMERLEK'
Me quedé.,LLIYA'LEK'
Esperé.,WA'TEN'NEK'
Yo pagaré.,KUA PANWILEK'TE'CHEK'
He vuelto.,ADENCHA'LEK
Soy calvo.,NUWEK'MUTU'KU
Estoy calvo.,NUWEK'MUTU' ÑAPALEK
Estoy calmado.,TUNA'SU' ÑAPALEK
Está calmando. (dolor),LATADA'PILALLI
Estoy tranquilo. (estoy bien),U'CHIMUÑAPALEK
He terminado.,A'TA'WANTULEK
Soy justo. (soy bueno),MUKANKANKU'
Soy bueno. (hacer bien algo),U'CHIMUKU
Estoy perfectamente.,U'CHIMUINCHI ÑAPALEK
¡Soy libre!,¡INAPIKU!
Estoy lleno.,MER'SU' ÑAPALEK
Estoy llena.,MER'SU' ÑAPALEK
Estoy aquí.,ASEK' ÑAPALEK
Estoy herido.,CHACHA'LEK ÑAPALEK
Llego tarde.,ERWA' EKTU'LEK
Soy vago.,PERCHEK' NUKA'KA
Estoy perdida.,WER'SU' ÑAPALEK
Soy malo. (maldad),MUKANKAINPU' NUKA'KA
Soy malo. (hacer mal las cosas),MUI'NEK
Soy pobre.,KULLIKER'WI'NEK
Soy rica.,WAPU' KULLIKER'WANEK
Soy rico.,WAPU' KULLIKER'WANEK
Estoy enferma.,KALUWI'SU' ÑAPALEK
Soy delgado. (masculino),SHAMU'PENSU' NUKA'KA
Soy delgada. (femenino),SHAMU'LUNSU' NUKA'KA
Estoy limpio.,PEKUIPI ÑAPALEK
Estoy calientito.,UKAPISHA ÑAPALEK
Estoy caliente.,UKAPISU' ÑAPALEK
Estoy débil.,MUDINUI'SU' ÑAPALEK
Soy listo.,IÑER' ÑINCHITAPALEK
Estoy listo. (preparado),INSEK'DIPERPIKU' NUKA'KA
Gané.,KANA'TULEK
Eso ayuda.,NANA KATU'PATULLI
Duele.,IKERLLI
Funciona.,SAKA'TULLI.
Es Tom.,TOM NUKA'A
Es divertido.,WA'DANPINTEK
Es suyo.,KENMAKIN NUKA'A
Es nuevo.,NALU' NUKA'A
Es extraño.,NERPI'LA NUKA'A
Es viejo.,NAPI'DA' NUKA'A
Es rojo.,PIPERSU' NUKA'A
Es triste.,WE'INU NUKA'A
Prohibido pasar.,KU'LA NAKUI'NCHU
No entrar.,KU'LA DAI'NCHU
Déjalo.,TAI'TULER'
Déjame.,TAI'TULA'U
Déjanos.,TAI'TULA'UDEK
Vamos.,PA'A
Cuidado.,LLI'KER'LLIA'
Cásate conmigo.,SADAKER' KUALEK'
¿Puedo ir?,¿YEN'NITULEK PA'AK?
Ella vino.,NANA UK'LLI
Ella murió.,NANA CHIMIÑI
Ella corre.,NANA TEKA'LLI
Siéntate.,DU'KER'
Mes. ,DUKER
Luna,DUKER
Siéntate aquí.,DU'KER' ASEK
Prepárate.,INSEK'DIPER'KER'
Un momento.,WA'TENKER'
Parate,WANERKER'
¡De pie!,¡WANERKER'!
¡Genial!,¡U'CHIMU!
Ellos ganaron.,NAWA' KANA'TULLINA'
Tom vino.,TOM UK'LLI
Dia.,UKLLI
Tom mintió.,TOM TUMU'LLI
Tomás miente.,TOMAS TUMU'PALLI
Tom perdió.,TOM KANA'CHI'ÑI
Tom pagó.,TOM PANWILEK'TULLI
Tom renunció.,TOM YUNSU'LLI
Tom nadó.,TOM IDUÑI
Tom lloró.,TOM WELLIEK'LLI
Demasiado tarde.,NAKUSUIN'CHI ERWA'
Prueben esto. (saborear),LATA'KU' ASU'
Prueba esto. (saborear),LATA'KER' ASU'
Usa esto.,PATA'KER' ASU'
Mírame.,LLI'U
Vigílame.,LUWUK'TU'U
Obsérvame.,LLI'U
Obsérvalos.,LLI'DEK'KU'
Iremos.,PA'ATERWA'
Estamos bien.,MU'PALLIDEK'
¿Para qué?,¿MA'KI'NA?
¡Qué divertido!,¡EMPU'NI WA'DANPINTEK'IPA'!
¿Quién vino?,¿DEN UK'LLI?
¿Quién murió?,¿DEN CHIMIÑI?
¿Quién nadó?,¿DEN IDUÑI?
Escríbeme.,LLINSER'CHU'U
Tú primero.,KENMAMENTU
Usted primero.,KENMAMENTU
Apunta. ¡Fuego!,TAÑITER' . ¡PEN!
Respóndeme.,NA'PI'U
Respóndanme.,NA'PIU'KU
Jesús.,KISHU
Cálmate.,TA'TULER'
Tranquilízate.,TA'TULER'
Captúralo.,PILLI'TER'
Captúrenlo.,PILLI'TUKU'
Atrápenlo.,PILLI'TUKU'
Atrápalo.,PILLI'TER'
Vuelve.,ADEN'CHER'
Ven.,WENCHER'
Venid aquí.,WENCHER' ASEK
Vuelve pronto.,ADEN'CHER' WIUK'SU'
Hazlo ahora.,NU'TER' IPA'LA
No preguntes.,YALEK'TUTA
No llores.,YAWELLEKTA
¡No llores!,¡YAWELLEKTA!
No lloren.,YAWELLEKTAMA'
No mientas.,YATUMU'TA
¡Fantástico!,¡U'CHIMUINCHI!
¡Es estupendo!,¡U'CHIMUINCHI NUKA'A!
Sígueme.,TUPI'TU'U
Síguenos.,TUPI'TU'UDEK
Olvídame.,PINANER'U
Olvídenme.,PINANER'U'KU
Preparense.,INSEK'DIPERKU'
Agarra esto.,PILLITER' ASU'
Sonrió.,YAMERLADALLI
Es rico. (sabor),IYALLI
Acá estoy.,ASEK' ÑAPALEK
Sostén esto.,PILLITER' ASU'
¡Qué horror!,¡IMANAN EMPU'NIPA'!
¡Qué raro!,¡NERPI'LA EMPU'NIPA'!
Estoy ocupada.,YEN'NICHI'NEK
Estoy ocupado.,YEN'NICHI'NEK
Soy bueno.,MUKANKANKU
Puedo volar.,YEN'NITULEK PEN'NU'AK'
Puedo correr.,YEN'NITULEK TEKA'AK'
Sé correr.,ÑINCHITAPALEK TEKA'AK'
Quedé inconsciente.,LLIYA'LEK INLLI'INUI'SU'
Me dieron.,ENKA'LLINER'KU
Me alcanzaron.,ENKA'LLINER'KU
Lo odio.,LUYULEK'
Eso espero.,NANA WA'TEN'NEK'
Lo sabía.,ÑINCHITUWINEK'
Me reí.,YAMERLEK'
Me gusta.,IYATULEK
¡Lo adoro!,¡TANTE'ÑEK!
Lo necesito.,LUANTULEK
Le vi.,LLI'LEK
Te vi.,LLI'LLIEN
Me tropecé.,PI'SER'KATULEK
Cantaré.,TULUNER'ECHEK
Estoy solo.,KUASHASA' ÑAPALEK
Estoy enojado.,YUSU' ÑAPALEK
Estoy despierto.,NANPISU' ÑAPALEK
Soy ciega.,DAPINANTEK' NUKA'KA
Soy ciego.,DAPINANTEK' NUKA'KA
Estoy quebrado.,NUPEK'PI ÑAPALEK
Estoy loco.,WA'DANPINTEK ÑAPALEK
Estoy borracho.,LUPERSU' ÑAPALEK
Estoy tomada.,LUPERSU' ÑAPALEK
Soy amado.,LUANPI NUKA'KA
Soy amada.,LUANPI NUKA'KA
Soy obeso.,WEIPENSU' NUKA'KA
Soy obesa.,WEILUNSU' NUKA'KA
Estoy listo.,INSEK'DIPERPI ÑAPALEK
Lo siento.,WE'INU
He perdido.,A'WER'LEK
Ólvidalo.,PINANER'KER'
¿Está Tom?,¿ÑAPALLI TOM?
¿Es grave?,¿NU'LA'LLI?
¿Es malo?,¿MUKANKAN'INPU'?
¿Está lejos?,¿WEIA'CHA ÑAPALLI?
¿Eres tú?,¿KENMA'CHA'?
Se quemó.,UKER'LLI
Falló.,APER'LLI
Fracasó.,A'APER'LLI
Llovió.,U'LANÑI
Apesta.,ANALLI
Funcionó.,SAKA'TULLI
Hace frío.,SANEK'WAÑI
Está frío.,SANEK'APALLI
Está fresco.,NALU  ÑAPALLI
Está oscuro.,KASISER' ÑAPALLI
¡Está listo!,¡INSEK'DIPERPI ÑAPALLI!
Es tarde.,ER'WA NUKA'A
Es agradable. (persona),MUKANKAN
Es agradable. (sabor),IYALLI
Se terminó.,TA'WAN'TULLI
Se acabó.,TEKINEKLLI
¡Es verdad!,¡TEKKINCHI NUKA'A!
Es verdad.,TEKKINCHI NUKA'A
Guarda esto.,SEK'DIPERKER' ASU'
Guarden esto.,SEK'DIPERKU' ASU'
Mantente caliente.,UKAPISU' ÑAPER'
Manténgase caliente.,UKAPISU' ÑAPER'
Mantente abrigado.,I'SHIWANSU' ÑAPER'
Manténganse abrigados.,I'SHIWANSU' ÑAPAKU'
Ahora vete.,PAKER' IPA'LA
Ahora lárgate.,PAKER' IPA'LA
¡Suéltame!,¡APU'U!
¡Déjeme ir!,¡TA'ITULA'U'KU YAPANTA'LEK!
Déjame entrar.,TA'ITULA'U YADA'LEK
Déjeme entrar.,TA'ITULA'U YADA'LEK
Déjanos entrar.,TA'ITULA'UDEK YADA'LLIDEK
Comamos.,WERANWA'
Veamos.,LLI'AWA'
¡Intentémoslo!,¡INTEK'KLIERIWA'!
Escucha.,LAUK'TER'
Aflójalo.,APU'KER'
Suéltala.,APU'KER'
Aflójala.,APU'KER'
Deja sitio.,TA'ITER' A'MERCHA
Deja pasar.,TA'ITER' NAKUI
¡Buen tiro!,MUSU' DEK'LA
¡Por supuesto!,TE'KINCHI
¿Perdona?,TA'ITULAU
Póntelo.,I'SHI'KER'
Lee esto.,LUNTUKER' ASU'
Lea esto.,LUNTUKER' ASU'
Lean esto.,LUNTUKU' ASU'
Decí hola.,MA'PU'SIN TUKER'
Véase arriba.,LI'KER' MUSENKEK
¡Cogedlo!,PILLI'TER'
¡Arrestadlo!,PILLI'TER'
¡Prendedlo!,PILLI'TER'
Ella anda.,NANA DEKUNDULLI
Ella camina.,NANA DEKUNDULLI
Anda.,DEKUNDUNLLI
Está buena.,MUPALLI
Firme aquí.,LINSERCHER' ASEK
Firma esto.,LINSERKER' ASU'
Sentate ahí.,DU'KER' NANEK
Tú mantente.,LLIA'KER' KENMA
Quieto.,DU'LA'KER' 
Más despacio.,A'PINTA' UTI'LA
Fuera.,ADIPI
Aléjate.,ÑILUPA'SHA
Quedate acá.,ASEK LIA'KER'
Deténlos.,NANEK LIA'INA'
Párales.,NANEK LIA'INA'
¡Cuidate!,INLUUKTER'
¡Te cuidas!,INLUUKTER'
Encárgate tú.,KENMA LLI'KER'
Toma esto.,MA'TA ASU'
Tome esto.,MA'TA ASU'
Eso es.,NANA NUKA'A
¿Entonces qué?,¿NU'PACHIN MA'NEN?
Cayeron.,ANU'LLINA'
Perdieron.,KANA'CHI'ÑINA'
Tomás condujo.,TOMAS EKPA'LLI
Tom teje.,TOM LANTEÑI
Tom sabe.,TOM ÑINCHITAPALLI
Tom nada.,TOM IDUMPALLI
Tom juró.,TOM TULLI
Tomás votó.,TOMAS DEK'LLI
Tom camina.,TOM DEKKUNTULLI
Tom saludó.,TOM TULLI MA'PU'SIN
Tomás trabaja.,TOMÁS SAKA'TAPALLI
Tom irá.,TOM PA'ECHU
Pruébatelo.,TEKLERIER'
Espera aquí.,WA'TENTER' ASEK
Aguarda aquí.,WA'TENTER' ASEK
Esperen aquí.,WA'TENKU' ASEK
Fallamos.,APER'LLIDEK
Nos olvidamos.,PINANER'LLIDEK
Conversamos.,LUNÑIDEK
Nosotros esperamos.,KUDA WA'TENTULIDEK
Después veremos.,NANEKLA LLI'ATERWA'
Ya veremos.,IPA' LLI'ATERWA'
¡Hemos ganado!,¡KANA'TULLIDEK!
¿Qué hay?,¿MA'NEN ÑAPALLI?
¿Quién es?,¿DEN A'CHA?
Tú maneja.,KENMA EKPA'KER'
Tú empieza.,KENMA TENMIANSUER'
Lo intentaste.,INTEK'LLI'WINA
Más alto.,A'PINTA' MUSENKEK
¿Me equivoco?,¿APER'LEK A'CHA?
¿Estoy equivocada?,¿APER'SUKU A'CHA?
¿Estás bien?,¿MUPALAN'CHA?
¿Estás levantado?,¿YUNSANSU' ÑAPALA?
¡Ten cuidado!,¡LI'KER'LA!
¡Sé cuidadoso!,¡LI'KER'LA!
Estate contento.,ÑAPAKER' MUSU'KANKANTUSU'
Sea paciente.,WA'TENKER' A'MERCHA.
Sé serio.,YAMERCHA
Traed comida.,KENCHER' WERAN
Trae vino.,KENCHER' VINU'
¿Puedo ayudar?,¿YENNITECHEK KATU'PA'TAK?
Lleva esto.,EKPA'KER' ASU'
Comprueba esto.,TEKLERIER' ASU'
Escoge uno.,WADUNKER' ALA'SA'
Ven solo.,WENLLER' KENMASA'
Vente.,WENLLER' 
Ven temprano.,WENLLER' DASU'LA
¡Pásale!,ENKA'KER'
¡Pásenle!,ENKA'KU'
¡Ven rápido!,¡WENCHER' WIUKSU'!
¡Vení rápido!,¡WENCHER' WIUKSU'!
¡Ya párale!,¡PILLI'TER' NANEK!
¿Fue Tom?,¿TOM ÑIWIÑI?
No vengas.,YAWENCHA'TA
¡No salten!,¡YAINDEKTAMA'!
No miren.,YALLI'TAMA
No cantes.,YATULUNER'TA
No canten.,YATULENER'TAMA
No pares.,YATAITULA'TA
¡No hables!,¡YALUNTA'!
No hables.,YALUNTA'
¡No esperes!,¡YAWA'TENTA!
¡No esperen!,¡YAWA'TENTUTAMA!
No esperes.,YAWA'TENTUTA
No grites.,YALAMAPU'TA
Come despacio.,WERANKER' UTI'LA
¡Comé despacio!,¡WERANKER' UTI'LA!
Síguele.,TUPITER'
Olvídenlo.,PINANER'KU'
Perdónenos.,TAITULA'U'KUDEK
Dios existe.,YUS NAMPIPALLI
Tosió.,CHINKU'LLI
Descolgó.,U'NU'WAÑI
Está arruinado.,SAPUSU' ÑAPALLI
Él miente.,NANA TUMU'PALLI
Es inteligente.,ÑINCHIDINUSU'NUKA'A
Aquí está.,ASEK' ÑAPALLI
Aquí vamos.,ASEK' PA'APILALLIDEK
"Hey, cálmate.",LAUK'LA TUNA'KER'
Mantente quieto.,YALENMEKTA
¡Qué aburrimiento!,¡MUSU' KANKANCHI'NEK!
¡Qué bonito!,¡EMBU'NI MUSHIPA'!
¡Encantador!,¡MUPENCHA!
Lo admito.,YAN'KATEKTULEK
Estoy aburrida.,MUIN'SU' ÑAPALEK
Soy feliz,MUSU' NAMPIPALEK
¡Estoy feliz!,¡MUSU' NAMPIPALEK!
Puedo saltar.,INNITULEK INDEK'AK
Sé leer.,ÑINCHITAPALEK LUN'AK
Puedo cantar.,ÑINCHITAPALEK TULUNER'AK
Sé nadar.,ÑINCHITAPALEK IDUN'AK
Lo dudo.,LATEK'IÑEN
Como aquí.,MAPU'SINA ASEK'
Lo encontré.,KANANEK
Me perdí.,AWER'LEK
Te detesto.,LUYULLIEN
Te oigo.,LAUK'APALLIEN
Le ayudo.,KATU'PALEK
La conozco.,LUWER'CHAPALEK
Lo conozco.,LUWER'CHAPALEK
Ahora sé.,IPA'LA ÑINCHITULEK
Me agradas.,TANTEÑEK
Me gustó.,TANTENWINEK
Lo amo.,TANTEÑEK
Te quiero.,LUANTULLIEN
Te amo.,LUANTULLIEN
¡Te amo!,¡LUANTULLIEN!
Me encantó.,LUWANTULLIEN
Lo extraño.,LU'WANEK
Necesito hielo.,LUWANTULEK SANEK
Prometí.,TUWINEK
Me acuerdo.,LLI'INUTAPALEK
Yo recuerdo.,KUA LLI'INUTAPALEK
Grité.,LAMAPU'LEK
Yo grité.,KUA LAMAPU'LEK
Sobreviví.,CHIMINLLINKEKLA NAMPILEK
Viví,NAMPILEK
Eso creo.,NANALATEKAPALEK
Vomité.,ENMU'LEK
¡Quiero uno!,ALA'SA' LUANTULEK
¡Quiero una!,ALA'SA' LUANTULEK
Llegué tarde.,ETU'KERLEK ER'WA
Lo haré.,NU'TECHEK
Soy francés.,FRANCES NUKA'KA
Soy coreano.,KOREANO NUKA'KA
Soy gemelo.,INSILANPI NUKA'KA
Estoy comprando.,MAPA'TAPALEK
Soy torpe.,MA'KIMPU NUKA'KA
Ahí voy.,NANEK PA'ECHEK
Estoy comiendo.,WERAMPALEK
Soy codicioso.,IÑER' LUANTULEK WAPU'
Me mudaré.,YUNSUE'CHEK
Estoy asustado.,IMANANTUSU' ÑAPALEK
Susto.,IMANAN
Estoy soltero.,KU'APER'WI'NEK
Estoy flacucho.,SHA'MU'SU' ÑAPALEK
¡Tengo sueño!,¡YAWICHI'LEK!
Tengo sueño.,YAWICHI'LEK
He comido.,WERANEK'
¿Está muerto?,¿CHIMIÑI?
¿Es alto? (estatura - masculino),¿SHIPEN A'CHA?
¿Es alto? (estatura - femenino),¿SHILUN A'CHA?
¿Es alto? (muy arriba),¿MUSENKEK A'CHA?
¿Es gratis?,¿PA'CHI'ÑIN'CHA?
¿Está bueno?,¿MUPALLIN'CHA?
¿Es acá?,¿ASEK A'CHA?
¿Aquí?,¿ASEK?
¿Está aquí?,¿ASEK A'CHA?
¿Es seguro?,¿TEKINCHI'CHA?
¿Es verdad?,¿TEKINCHI'CHA?
¿Es ese?,¿NANA'CHA?
¿Es así?,¿NU'SU' NUKA'A?
¿Es este?,¿ASU' A'CHA?
Eso pasa.,NANA NAKULLI
Es mío.,KUAKIN NUKA'A
Está vivo.,NANPIPALLI
Está vacío.,INANTEK' NUKA'A
Está listo.,INSEK'DIPERPI ÑAPALLI
Está ahí.,NANEK ÑAPALLI
Es blanco.,DADAPU NUKA'A
Hace viento.,TANLUWATAPALLI
Jesús lloró.,KISHU WELLEK'LLI
¡Continúa!,¡TUPITER'!
¡Quédate tranquilo!,¡MUSU' LLIA'KER'!
¡Guarden silencio!,¡TA'TU'LA'KU!
Mantente quieto.,YALENMEK'TA
Manténgase quieto.,YALENMEK'TA
¡Déjale irse!,¡TA'ITULER' PA'I!
Déjalo entrar.,TA'ITULER' DA'ENCHA'I
¡Déjame salir!,¡TA'ITULA'U YUNSUE'CHEK!
Déjame ver.,TA'ITULA'U LLI'ECHEK
A ver.,ENTA'I'NA
Charlemos.,LUN'AWA'
Besémonos.,INMUSHA'WA'
Juguemos.,INDEKLLITAWA'
Renunciemos.,YUNSU'WA'
Cantemos.,TULUNER'AWA'
Nademos.,IDUNWA'
Conversemos.,LUN'AWA'
Votemos.,DEK'AWA'
Caminemos.,DEK'KUNTAWA'
Trabajemos.,SAKA'TAWA'
Levántalo.,USANKER'
Mira allí.,LLI'KER' NANEK
Mamá lloró.,AWA WELLEK'LLI
Sin comentarios.,MA'NEN' ÑI'ÑI LUN'AK'
Reemplázalo.,A'PAWILEK'KER'
Di papa.,TUKER' TATA
Sonría.,YAMERLADAKER'
Es vieja.,NAPI'DA' NUKA'A
Es guapa.,MULUNSHA NUKA'A
Canta.,TULUNER'KER'
Huele esto.,LANERKER' ASU'
Huelan esto.,LANERKU' ASU'
Empieza aquí.,TENMIAN'SUER' ASU'
Mantente alerta.,ÑAPAKER' INSEK'DIPERSU'
Mantente despierto.,ÑAPAKER' NANPILADASU'
Mantente cerca.,ÑAPAKER' KAWIK
Quédate ahí.,NANEK LLIA'KER'
¡Más rápido!,¡A'PINTA' WIUKSU'!
Detente ahí.,LLIA'KER' NANEK
Estudia mucho.,NINCHITER' WAPU'
¡Háblame!,¡LUNTUU!
¡Habla conmigo!,¡LUNKER' KUALEK!
Buen chico.,WILA MUKANKAN
Eso duele.,NANA IKERLLI
Eso funciona.,NANA SAKA'TAPALLI
Engañaron.,TUMU'LLINA'
Hicieron trampas.,ALLISEK NU'TAPALLINA'
Se quedaron.,LLIA'LLINA'
Se mantuvieron.,LLIA'LLINA'
Lo intentaron.,INDEK'LLINA'
Ellos votaron.,NAWA DEKLLINA'
Votaron.,DEKLLINA'
Hemos llegado.,EKTU'LEKWA'
Éste es.,ASU' NUKA'A
Esto funciona.,ASU' SAKA'TAPALLI
Esto trabaja.,ASU' SAKA'TAPALLI
Tomás eructó.,CHUMA EK'LLI
Tom llamó.,TOM PEKLU'TULLI
Tomás bailó.,CHUMA LANSA'LLI
Tom baila.,TOM LANSA'PALLI
Tom bebe.,TOM UWAPALLI
Tom toma.,TOM UWAPALLI
Tomás conduce.,CHUMA EKPA'PALLI
Tom fracasó.,TOM APER'LLI
Tom peleó.,TOM IDENMALLI
Tom luchó.,TOM IDENMALLI
Tom ayudó.,TOM KATU'PA'TULLI
Tom saltó.,TOM INDEK'LLI
Tom miró.,TOM LLI'TULLI
Tom asintió.,TOM TULLI AJÁ
Tom obedeció.,TOM LATEK'TULLI
Tomás llamó.,CHUMA PEKLU'TULLI 
Tomás llamó soplando hoja.,CHUMA PEKLU'TULLI PENMEK'TAN
Tom rezó.,TOM MALLA'LLI
Tom sonrió.,TOM YAMERLADALLI
Tom ronca.,TOM TUKULU'PALLI
Tom charló.,TOM LUNÑI
Tomás esperó.,CHUMA WA'TENTULLI
Tom caminó.,TOM DEK'KUNTULLI
Tom trabajó.,TOM SAKA'TULLI 
Tom bostezó.,TOM LAUKI'LLI
Tom gritó.,TOM LAMAPU'LLI
Tom llorará.,TOM WELLEK'ECHU
Tom morirá.,TOM CHIMINCHU
Tom pagará.,TOM PANWILEK'TECHU
Enciéndelo. (fuego),A'TENDER'
¿Fue divertido?,¿MULLI'NCHA'?
¿Era divertido?,¿MUWIÑIN?
Mira esto.,LLI'KER' ASU'
Miren esto.,LLI'KU' ASU'
Somos hombres.,ENMU'PINEN NUKA'KUDEK
Podemos ganar.,YENNITULEKWA' KANA'TAK
Nos divertimos.,SAKEKLEKWA'
Nos reímos.,YAMERLEK'WA'
Nos gusta.,IYA'TULEK'WA'
Lo hicimos.,NU'TULEK'WA'
Debemos irnos.,PA'A'KAWA'SU' ÑAPALLI
Lo queremos.,TANTENLEK'WA'
Fracasaremos.,TEKA'PER'ATERWA'
Ayudaremos.,KATU'PA'TATERWA'
Nosotros ayudaremos.,KUDA KATU'PA'TECHIDEK
Cantaremos.,TULUNER'ATERWA'
Esperaremos.,WA'TENTATERWA'
Trabajaremos.,SAKA'TATERWA'
Estamos ocupados.,A'ÑAPALLIDEK DUDIMPU' NU'TA'KAWA'SU'
Terminamos.,A'TA'WANTULLIDEK
Estamos acá.,ASEK ÑAPALLIDEK
Estamos perdidos.,WER'SU' ÑAPALLIDEK
Somos pobres.,KULLIKER'WI'ÑIDEK
Estamos hartos.,PERLLI'LLIDEK
Somos débiles.,SAPUTEK NUKA'KUDEK
¿Qué pasa?,¿MAPU'LA?
¿Dónde estoy?,¿ENÑUPA'CHA ÑAPALEK?
¿Quién gritó?,¿DEN LAMAPU'LLI?
¿Llamaste?,¿PEKLU'TULA?
Tú decides.,KENMA TECHU
Puedes irte.,YENNITULA PA'A'MASU'
Pueden irse.,YENNITULAMA' PA'A'MAMA'SU'
Fallaste.,APER'LA
Ya verás.,IPA' LLI'ECHU
Eres mala.,MUKANKANINPU' NUKA'MA
Estás vieja.,TASELLUN ÑAPALA
Estás triste.,WE'INUTUSU' ÑAPALA
¿Hemos terminado?,¿A'TA'WANTULEKWA'?
¿Estás loco?,¿WA'DANPINDEK ÑAPALA?
¿Estás enfadado?,¿YUSU' ÑAPALA?
¿Eres nuevo?,¿NAEKTU'KELLIA?
Como quieras.,KENMA LUWANTA'MASU'PU'SU'
Sé discreto.,LUNTEK YAÑITA
Estate preparado.,INSEK'DIPERSU' ÑAPAKER'
Sé puntual.,YATEK'DA'TA
Sé razonable.,INLLI'INUTER' MUSU'
Sé específico.,CHEKSU' ÑIKER'
Especifica más.,WINTU'U A'PINTA
Sé tolerante.,YAN'KATEK'TER'
Estate vigilante.,ÑAPER' LU'UK'TAN
Estate atento.,ÑAPER' LU'UK'TAN
¿Puedo comenzar?,¿YENNITULEK TENMIANSU'AK?
¿Podemos hablar?,¿YENNITULEKWA' LUN'AK?
¿Podemos conversar?,¿YENNITULEKWA' LUN'AK?
¿Puedes ver?,¿YENNITULAN'CHA LLI'TA'MAK?
Acercate.,KAWITER'
Cocíname (sin sopa).,AKUSUITU'U
Cocíname (con sopa).,KALUITU'U
Cuenta conmigo.,KUA KATU'PEKCHEN
¿Ganaste?,¿KANA'TULA?
Hazlo ahorita.,NU'TER' IPIA'LA
¿Juegas boliche?,¿INDEKLLITAPALA BULICHI?
No discutan.,YAINYUTUTAMA'
No copien.,NANA PU'SU' YANU'TUTAMA'
¡No dispares!,¡YAILANTUTA!
No chilles.,YALAMAPU'TA
No sonrías.,YAYAMERLADATA
No sonrían.,YAYAMERLADATAMA'
No fumes.,YAU'WA'TUTA
Termine esto.,A'TA'WANTER ASU'
Termina esto.,A'TA'WANTER ASU'
Terminen esto.,A'TA'WANTUKU' ASU'
Vístete.,ISHINWER'
¡Ponte serio!,¡ÑIKER' MUSU!
¿Ha venido?,¿UKLLIN'CHA?
Tome asiento.,DU'KER'
Él envejeció.,NANA TASERPITULLI
¡Ha venido!,¡WEK'LLI!
Tiene vino.,VINU' A'ÑAPALLI
Es feliz.,MUSU' NUKA'A
Le gustó.,IYATULLI
Está fingiendo.,INTEK APALLI
Está fingiendo comer.,INTEK WERANPALLI
¡Aquí estamos!,¡ASEK ÑAPALLIDEK!
Aquí estamos.,ASEK ÑAPALLIDEK
¡Qué curioso!,¡EMPU'NI ÑINCHIDINUSU'TA'!
Qué raro.,EMPU'NI LLI'INEK
Soy cocinero.,KALU'TUTEK' NUKA'KA
Estoy jodiendo.,A'PERCHAPALEK
Estoy leseando.,SI'LENTAPALEK
Lo compré.,MAPA'LEK
Puedo hacerlo.,YENNITULEK NU'TAK
Puedo compartir.,YENNITULEK A'NAÑIAK
Confesé.,LUNNEK 
No como.,KA'API'NEK
Como pan.,KA'APALEK TANTA'
Como fruta.,KA'APALEK WAYUPI
Tenía frío.,SANEK'WANTUWINEK
Te encontré.,KAPER'LLIEN
Me enfadé.,YULEK
Traigo noticias.,KERA'PILELLEK LA'LA'LUSA'
Tengo tiempo.,MANENNU'TAPI'NEK
Tengo vino.,VINU' A'ÑAPALEK
Te oí.,LAUK'LLIEN
Los conozco.,LUWER'CHAPADEKLEK
Me gustan.,IYATUDEKLEK
Vivo aquí.,ASEK NANPIPALEK
La amaba.,TANTENWINEK
Lo extrañaba.,LU'WANWINEK
Debo esconderme.,INSEK'KITA'KASU'ÑAPALLI
Necesito ayuda.,LUWANTULEK KATU'PA'
¡Necesito ayuda!,¡LUWANTULEK KATU'PA'!
Los necesito.,LUWANTUDEK'LEK
Necesito esto.,LUWANTULEK ASU'
Necesito tiempo.,INSEK'DIPERSU' ÑAPI'NEK
Leo labios.,ÑINCHITAPALEK MA'TAPALLINPA'
Vendo autos.,UKU'LATAPALEK WA'NATEKA'ASU'
Huelo gas.,LANERAPALEK GAS
Quiero más.,A'PINTA' LUWANTULEK
Quiero eso.,NANA LUWANTULEK
Quiero este.,ASU' LUWANTULEK
Estaba despierto.,ÑAPAWINEK NANPILADASU'
Estaba mareado.,ÑAPAWINEK LUPERSU'
Me despidieron.,USU'LLINER'KU 
Estaba desnudo.,INANPILATEK ÑAPAWINEK
Estaba cansado.,SAKA'TUSU' ÑAPAWINEK
Estaba equivocado.,PEKTUNSU' ÑAPAWINEK
Esperaré.,WA'TENTECHEK
Trabajo aquí.,SAKA'TAPALLEK ASEK
Lo probaré.,LATA'ECHEK
Soy finlandés.,FINLANDIS NUKA'KA
Soy turco.,TURKU NUKA'KA
Soy turca.,TURKA NUKA'KA
Soy panadero.,TANTA' NU'TUTEK NUKA'KA
Soy mujer.,KU'APER NUKA'KA
Tengo curiosidad.,ÑINCHIDINUPALEK
Estoy bailando.,LANSA'PALEK
Estoy comprometida.,ÑAPALEK ALA'SA' ENMU'PINENLEK
Estoy emocionado.,ÑAPALEK SAKEK'SU'
Estoy ayunando.,WERANPI'NEK
Estoy saludable.,ÑAPALEK MUDINUSU'
Me voy.,PA'ECHEK
Estoy casado.,ÑAPALEK SADASU'
Soy casado.,SADASU' NUKA'KA
Soy casada.,SUDASU' NUKA'KA
Estoy nervioso.,AMERCHA TEKUASU' ÑAPALEK
Soy neutral.,ÑIDENKINPU' NUKA'KA
Soy paciente.,WA'TENTUTEK NUKA'KA
Estoy leyendo.,LUNPALEK
Estoy descansando.,NERIAPALEK
Soy egoísta.,KUAKEKSA' LLI'INUPALEK
Estoy atrapado.,ÑAPALEK PILLI'PI
Estoy esperando.,WA'TENTAPALEK
Ignoralos.,LUWERCHINPU'DEKER
¿Para llevar?,¿EKPA'AK?
¿Está ventoso?,¿NAKUSU' TANLUWATULLI?
¿Es suyo?,¿KENMAKIN'CHA?
¿Es todo?,¿IÑER'A'CHA?
Pasó.,NAKULLI 
Eso sucedió.,NANA NAKULLI
Yo invito.,KUA PEKLU'TULEK
Me salvó.,KATU'PALUN
Estuvo chevere.,UCHA'PAYA ÑAPAWIÑI
Fue fácil.,SAKA'DEKINPU' ÑIWIÑI
Fue real.,ÑIWIÑI TEKINCHI
Es lunes.,LUNES NUKA'A
Todo bien.,IÑER MUSU'
Hace fresco.,TANLUWATAPALLI
Está nublado.,PULUNKER' WANTA'PALLI
Es inútil. (sujeto),MA'KINPU' NUKA'A
Sigue intentando.,INTEKLERIAPER'ILA
Déjame ayudarte.,TAITULA'U KATU'PE'CHEN
Házmelo saber.,A'ÑINCHITU'U
Déjame vivir.,TAITULA'U NANPIAK
¡Empecemos!,¡TENMIANSU'WA'!
Comencemos.,TENMIANSU'WA
Bailemos.,LANSA'WA'
¡Hagámoslo!,¡NU'TAWA'!
Entremos.,DA'AWA'
Vayámonos.,PA'AWA'
Míralo.,LLI'KER'
¡Muchas gracias!,¡YUSPEINET'ECHUN!
Memorízalo.,SEKDIPERKER' MUTU'PENKEK
Nadie murió.,ÑIDEN CHIMII'ÑI
Nadie vino.,ÑIDEN U'I'ÑI
Nadie mintió.,ÑIDEN TUMUI'ÑI
Ahora ayúdame.,IPA'LA KATUPA'U
Ahora resiste.,IPA'LA YAN'KATEKTER'
Ahora sigue.,IPA'LA TUPITER'
Ahora continúa.,IPA'LA TUPITER'
Ahora prosigue.,IPA'LA TUPITER'
Ahora callate.,IPA'LA TA'TULER'
Bájalo.,U'NU'WANGER'
Ponte esto.,I'SHIKER' ASU'
Póngase esto.,I'SHIKER' ASU'
Libérale.,APU'KER'
Recuérdalo.,LI'INUTER'
Mándalo dentro.,AKU'KER' KINEKLA
Mándalo adentro.,AKU'KER' KINEKLA
Mándenlo adentro.,AKU'KU' KINEKLA
¿Nos vamos?,¿PA'ATER'?
¿Debería ir?,¿PA'ECHEK'ATA'?
Muéstrame cómo.,A'LI'U MA'PU'SU'
Háblame.,LUNTUU
¡Dejad sitio!,¡TA'ITUKU' DU'AK!
¡Quieto ahí!,¡YALENMEKTA NANEK!
¡Quédate quieto!,¡LIA'KER' YALENMEKTA!
¡Alto! ¡Ladrón!,¡WANERKER'! ¡APECHUTEK!
Descansad.,NERIKER'
Actúa.,NU'TER'
Eso ayudó.,NANA KATU'PA'TULLI
Está mojado.,WIWERSU' ÑAPALLI
¡Allá está!,¡NANEK ÑAPALLI!
Se quemaron.,UKER'LLINA'
Llamaron.,PEKLU'TULLINA'
Bailaron.,LANSA'LLINA'
Lo hicieron.,NU'TULLINA'
Lo lograron.,NU'TULLINA'
Se abrazaron.,INWIPERI'LLINA'
Se besaron.,INMUSHA'LLINA'
Obedecieron.,LATEKTULLINA'
Sonrieron.,YAMERLADALLINA'
Esperaron.,WA'TENTULLINA'
Caminaron.,DEK'KUNTULLINA'
Ellos caminaron.,NAWA DEK'KUNTILLINA'
Pasearon.,DA'LLINA'
Ellos gritaron.,NAWA LAMAPU'LLINA'
Esto apesta.,ASU' ANALLI
Tom llegó.,TOM EKTU'LLI
Tom cambió.,TOM A'PAWILLEK'LLI
Tom varió.,TOM A'PAWILLEK'LLI
Tomás aplaudió.,TOMAS INLLIPU'ITE'LALLI
Tom decidió.,TOM WADUÑI
Tom escapó.,TOM CHI'YE'KLLI
Tom espiró.,TOM DEKLLI NERIDEKNEN
Tom gruñó.,TOM MERMIÑI
Tom inhaló.,TOM LANERLLI
Tom escucha.,TOM LAUKTAPALLI
Tom estornudó.,TOM A'SHULLI
Tom enseña.,TOM A'LEKTAPALLI
Tom ayudará.,TOM KATU'PA'TECHU
Pruébate este.,LATAKER' ASU'
Apágalo.,A'TASHUNKER'
Esperame.,WA'TEN'U
Espéranos.,WA'TEN'U'KUDEK
Despertalo.,A'NAMBIKER'
Camina lentamente.,DEKUNDER' UTI'LA
¿Estaba equivocada?,¿ÑAPAWINEK PEKTUNSU'?
¿Hacía frío?,¿SANEKWANWIÑI?
¿Estuvo bueno?,¿MUSU'ÑAPAWIÑI?
Estamos aquí.,ASEK ÑAPALLIDEK
Comimos huevos.,KA'LLIDEK KADU'
Podemos ayudar.,YINNITULLIDEK KATU'PA'TAK
Podemos hablar.,YINNITULLIDEK LUNNAK
Podemos esperar.,YINNITULLIDEK WA'TENTAK
Nos perdimos.,WER'LLIDEK
Te queremos.,TANDENÑIDEN
Te amamos.,TANDENÑIDEN
Te extrañamos.,LU'WANÑIDEN
Te necesitamos.,LUWANTULLIDEN
Nos recordamos.,LLI'INUTAPALLIDEK
Sobrevivimos.,CHIMINLLINKEKLA NAMPIPALEKWA'
Nosotros conduciremos.,KUDA EKPEKCHIDEK
Nosotros compartiremos.,KUDA A'NAÑIECHIDEK
Compartiremos.,A'NAÑIECHIDEK
Estamos despiertos.,NAMPILALASU' ÑAPALIDEK
Estamos limpios.,PEKUIPI ÑAPALIDEK
Estamos listos.,INSEKDIPERPI ÑAPALIDEK
Lo sentimos.,WE'INUTULIDEK
Estamos cansados.,SAKA'TUSU' ÑAPALIDEK
Somos gemelos.,INSILAN NUKA'KAWA'
Somos jóvenes.,NADI'NEK NUKA'KAWA'
¡Qué burro!,¡MA'NEN ÑINCHICHI'NA!
¡Qué imbécil!,¡MA'NEN ÑINCHICHI'NA!
¡Qué pérdida!,¡EMBU'NI WER'IPA'!
¡Qué desastre!,¡EMBU'NI PANGER'IPA'!
¡Qué mugre!,!EMBU'NI UCHUTEK'IPA'!
¡Qué confusión!,¡EMBU'NI LUWER'CHI'ÑI!
Qué dolor.,EMBU'NI IKER'IPA'
Qué lástima.,EMBU'NI WE'INUIPA'
Qué pena.,EMBU'NI WE'INUIPA'
¡Qué lástima!,!EMBU'NI WE'INUIPA'!
¡Qué equipo!,MUMU'WANBALEK
¿Quiénes sois?,¿DENLUSA'ACHA?
¿Quién sos?,¿DENKENA'CHA?
¿Quién vitoreó?,¿DEN INLLIPU'ITEKLATULLI?
¿Quién escapó?,¿DEN CHI'YEKLLI?
¿Quién viene?,¿DEN U'APILELLI?
Sos grande.,A'LLIUPIKEN NUKA'MA
Estás loca.,WA'DANPINDEK ÑAPALA
Hizo trampa.,TUMU'LLI
Hicieron trampa.,TUMU'LLINA'
Se desmayaron.,MUISU' KANKANTULLINA
Te desmayaste.,MUISU' KANKANTULA
Se desmayó.,MUISU' KANKATULLI
Me lastimas.,A'KALUWI'LUN
Quédatelo.,LIA'KER'
Lo necesitas.,LUANTAPALA
Nos necesitas.,LUANTAPALUNDEK
Eres libre.,INAPIKEN NUKA'MA
¡Estás loco!,¡WADANPINTEK ÑAPALA!
¡Estás enfermo!,!KALUWI'PALA!
Estás enfermo.,KALUWI'PALA
Estás débil.,NANTAPI'NA
¿Estoy invitado?,¿PEKLU'PI ÑAPALEK?
¿Nada nuevo?,¿ÑIMANEN NALU?
¿Tienes frío?,¿SANEKWANTULA?
¿Estás muerto?,¿CHIMIPI ÑAPALA?
¿Eres sordo?,¿LUUKTEK' NUKAMA?
¿Estás libre?,¿INAPI ÑAPALA?
¿Estás lleno?,¿MER'SU' ÑAPALA?
¿Estás herida?,¿CHACHA'WANPALA?
¿Estás perdido?,¿WER'SU' ÑAPALA?
¿Estás enfermo?,¿KALUWIPALA?
¿Está segura?,¿TEKINCHI'CHA' ÑAPALA?
¿Está seguro?,¿TEKINCHI'CHA' ÑAPALA?
¿Están seguros?,¿TEKINCHI'CHA' ÑAPALAMA?
Estar atento.,INSEKDIPERSU' ÑAPAKER'
Sé confiado.,LU'UKTUTEK'KEN ÑIKER
Ten seguridad.,LATEK'U
Sé despiadado.,LUTANTENINPU'KER'
Hazle pasar.,A'NAKUKER'
¿Puedo intentar?,¿YENNITULEK INPALERIAK?
¿Puede hacerlo?,¿YENNITULEK NU'TAK?
¿Puedes venir?,¿YENNITULA UK'A'MAK?
¿Puedes ayudar?,¿YENNITULA KATU'PA'TA'MAK?
¿Puedes leer?,¿YENNITULA LUNTA'MAK?
¿Sabes nadar?,¿ÑINCHITAPALA IDUN'AK?
¿Puedes andar?,¿YENNITAPALA DEKKUNTA'MAK?
¿Pueden andar?,¿YENNITULAMA' DEKKUNTA'MAMAK?
¡Míralo!,¡LLI'KER'!
¡Compruébalo!,¡LLI'KER' MUPALLINPA'!
Ven enseguida.,WEK'KER' IPIA'LA
Acércate.,KAWITER'
Regresa.,ADENCHER'
Baja.,NU'WANKER'
Baje.,NU'WANKER'
Sal fuera.,YUNSUER' ADIPI
Venga conmigo.,WEK'KER' KUALEK
Enfríalo.,A'SANEK'KER'
¿Vino Tom?,¿TOM WEK'LLI?
¿Tom ayudó?,¿TOM KATU'PA'TULLI?
¿Ayudaste?,¿KATU'PA'TULA?
¿Firmaste?,¿LLILLINPEN NU'TULA?
¿Firmaron?,¿LLILLINPENMA' NU'TULAMA'?
¿Luzco bien?,¿LLITAPALEK MUSU'?
¿Usted fuma?,¿KENMA U'WA'TAPALA?
¿Fumas?,¿U'WA'TAPALA?
¿Usted ronca?,¿KENMA TUKULU'PALA?
¿Tú roncas?,¿KENMA TUKULU'PALA?
¿Duele?,¿IKERLLI?
No divagues.,CHEKSU' ÑIKER'
Conduce lentamente.,EKPA'KER' UTILA'
Examine esto.,LLI'KER' ASU'
Examinen esto.,LLI'KU' ASU'
Dame eso.,ENKA'U NANA
Deme tiempo.,WA'TEN'U
Ve adentro.,PAKER' KINEKLA
Buenos días.,MUUKLLI
"Espera, Tom.",WA'TENKER' TOM
Feliz Pascua.,MUSU' PASKUA'
¡Feliz Pascua!,¡MUSU' PASKUA'!
Tómate algo.,UKER' MA'PINTA'
Come algo.,KAKER' MA'PINTA'
Toma otro. (beber),UKER' ALI'LA'
Toma otro. (sostener),MA'ATASU' ALI'LA'
Sé valiente.,NANTAPITEK ÑIKER'
Él gritó.,NANA LAMAPU'LLI
La ayuda.,KATU'PA'
Es francés.,FRANCÉS NUKA'A
Está comiendo.,WERANPALLI
Corre rápido.,TEK'KER' WIUK'SU'
Esperará.,WA'TENTECHU
Está sufriendo.,INSEK'LUTENAPALLI
"¡Oye, aguarda!","¡LAU'KER', WA'TENTER'!"
¡Qué pesado!,¡ENPU'NI SAKA'DEK'IPA'!
¡Qué horrible!,¡ENPU'NI APERPIPA'!
¡Qué romántico!,¡ENPU'NI MUPENCHIPA'!
Te admiro.,KENMAPU'SU' ÑIINA'KA
Soy chino.,CHINU NUKA'KA
Quiero saberlo.,YAÑINCHITULEK
Estoy lesionado.,ÑAPALEK DA'PEKSU'
Estoy rezando.,MALLIA'PALEK
Comí manzanas.,KA'LEK MANZANAS
Comí caviar.,KA'LEK CAVIAR
Podría caminar.,YENNITUWINASKU DEKKUNTA'
Me corto.,INDEI'TECHEK
Me corté.,INDEI'TULEK
No mentí.,TUMUI'NEK
No pagué.,PANWILEKCHI'NEK
No sé.,ÑINCHICHI'NEK
Lo desconozco.,LUVER'CHI'NEK 
Tomé leche.,MUDIDEK ULEK
Los encontré.,KANANDEKLEK
Tengo dinero.,KULLIKER'WANPALEK
La abracé.,WIPERI'LEK
Te extrañé.,LU'WAÑEN
Necesito pintura.,LUWANTULEK LLINSERCHUNAN
Necesito dormir.,LUWANTULEK WICHI'AK
Necesito agua.,LUWANTULEK DEK'
Te necesitaba.,LUWANTUWIÑEN
Leo frecuentemente.,LUNPA'LEK UTALINPU'SA'
Lo llamé.,PEKKLU'LEK
Leo libros.,LUNTULEK KERKA'LUSA'
Hablo rápido.,WIUKSU' LUNPALEK
Simpatizo.,MUSU' LLI'APALEK
Entiendo.,LACHEKAPALEK
Quiero dinero.,LUWANTULEK KULLIKER'
Quiero ir.,YAPA'LEK
Tenía miedo.,TEKUAWINEK
Fui enmarcado.,A'APITULLINER'KU
Tenía hambre.,UKI'LA A'ÑIWINEK
Estaba solo.,KUASHASA' ÑAPAWINEK
Tenía sueño.,YAWICHI'WINEK
Volveré.,ADENCHE'CHEK
Estaré bien.,MUSU' ÑAPECHEK
Seré libre.,INAPI ÑECHEK
Me arriesgaré.,INPALERICHEK
Te demandaré.,WINLAPICHEN
Soy médico.,LULENTUTEK' NUKA'KA
Soy doctor.,DOKTOR NUKA'KA
Soy escritor.,LLINSERCHUTEK' NUKA'KA
Soy adulta.,TASERLUNKU NUKA'KA
Estoy descalzo.,INAPILANTE'ÑAPALEK
Estoy confuso.,LACHEK'KI'NEK
Estoy confundido.,LACHEK'KI'NEK
Estoy divorciada.,APU'PI NUKA'KA
Estoy congelado.,NAKUSU' SANEKWANTULEK
Estoy helado.,NAKUSU' SANEKWANTULEK
Estoy dudando.,KU'LA LATEKTAPI'NEK
Soy inocente.,MA'NEN NU'CHI'NEK
Estoy indignado.,YUSU' ÑAPALEK
Estoy pintando.,LLINSERCHAPALEK
Estoy embarazada.,KADULUNSU' ÑAPALEK
Estoy preparado.,ÑAPALEK INSEKDIPERSU'
Soy inquieto.,WA'DANPINTEK NUKA'KA
Soy intranquilo.,WA'DANPINTEK NUKA'KA
Estoy estudiando.,KERKA' ÑINCHITAPALEK
Estoy exhausto.,ÑAPALEK SAKA'TUSU'
Estoy reventado.,ÑAPALEK SAKA'TUSU'
¿Está roto?,¿NUSHA'TUSU' ÑAPALLI?
¿Es suficiente?,¿NANASA'CHA IÑER'?
Ha empezado.,TENMIANSU'LLI
Empezó.,TENMIANSU'LLI
Comenzó.,TENMIANSU'LLI
Era negro.,KERPI'A'CHA'
Fue repugnante.,NUDU'PI ÑIWIÑI
Se quemará.,UKER'ECHU
Me toca. (tocar),PATA'LLIU
Está perfecto.,MUPALLI
Está nevando.,PULUNKER'WANPALLI
Está funcionando.,SAKA'TAPALLI
Sólo espera.,WA'TENKER'LA
Sigue bailando.,LANSA'PER'I'LA
Sigue cavando.,IWA'TAPER'I'LA
Sigue conduciendo.,EKPA'APER'I'LA
Sigue mirando.,LLI'TAPER'I'LA
Siga leyendo.,LUNTAPER'I'LA
Sigue corriendo.,TEKA'PER'I'LA
Sigan corriendo.,TEKA'PA'KU'I'LA
Sigue cantando.,TULUNER'APER'I'LA
Continuá hablando.,LUN'APER'I'LA
Continúe hablando.,LUN'APER'PI'LA
Sigue caminando.,DEK'KUNTAPER'PI'LA
Sigue escribiendo.,LLINSECHER'PI'LA
Déjalo ir.,TA'ITULER' PA'I
Déjame ir.,TA'ITULA'U PA'AK
¡Déjame irme!,¡TA'ITULA'U PA'AK!
Dejame hablar.,TA'ITULA'U LUN'ECHEK
Déjame pensar.,TA'ITULA'U INLLI'INUTECHEK
Salgamos.,YUNSU'WA'
Escuchemos.,LAUK'TAWA'
No vayamos.,PA'INPU'WA'
Adivina.,TEKLERIER' NINCHITA'MAK
Entró Mary.,DA'KERLLI MARI
"Continúa, Tom.","TUPITER', TOM"
"Prosigue, Tom.","TUPITER', TOM"
Nadie sabe.,ÑIDEN ÑINCHICHI'ÑI
Nadie preguntó.,ÑIDEN LEKCHI'ÑI
Ahora déjanos.,IPA'LA TA'ITULA'U'KUDEK
Ahora sientate.,IPA'LA DU'KER'
"Ah, entiendo.","AH, LACHEK'APALEK"
Sonrian.,YAMERLADAKU'
Señálalo.,TAÑITUKER'
Ábrela.,EK'KER'CHER'
Ponlo allí.,AKU'KER' NANEK 
Pónganlo allí.,AKU'KU' NANEK
Ponlo ahí.,AKU'KER' NANEK 
Repítelo.,TUNUNTER'
¡Hasta pronto!,¡PANTE'CHEK!
Hasta entonces.,¡PANTE'CHEK!
¡Qué vergüenza!,¡DAKUTA'LEK!
¡Avergüénzate!,¡DAKUTA'KER'!
Le gustó.,IYATULLI
Le disparó.,ILANÑI
Ella salió.,NANA YUNSU'LLI
Muéstrame eso.,A'LLI'U NANA
Alguien llegó.,ALA'SA' YALLI' EKTUKERLLI
Concéntrate.,LLI'KER' MUSU'
Quedate conmigo.,LLIA'KER' KUALEK
No discutas.,YAINYUTUTA
Cállate.,TA'TULER'
¡Felices sueños!,¡U'CHIMUSHA WICHI'KER'!
¡Dulces sueños!,¡U'CHIMUSHA WICHI'KER'!
¡Relajate!,¡LATADA'KER'!
Cuéntame más.,WINTU'U A'PINTA'
Dime más.,WINTU'U A'PINTA'
Dígame más.,WINTU'U A'PINTA'
Dinos más.,WINTU'UDEK A'PINTA'
Dígannos más.,WINTU'UDEK A'PINTA'
Cuéntanos más.,WINTU'UDEK A'PINTA'
¡Gracias nuevamente!,¡YUSPEINET'ECHUN NANAPU'SI'LA!
Eso ayudará.,NANA KATU'PA'TECHU
Así es.,NU'SU' NUKA'A
Es raro.,NERPI'LA NUKA'A
Son grandes.,A'LLUPI NUKER'KA
Se chocaron.,DA'PAÑINA'
Se estrellaron.,DA'PAÑINA'
Se escaparon.,CHI'YEK LLINA'
Me conocían.,LUWER'CHUWIÑINER'KU
Rieron.,LUMER'LLINA'
Se negaron.,LUWANCHI'ÑINA'
Pararon.,TA'ITULA'LLINA
Sudaron.,ELLI'LLINA'
Llamarán.,PEKLU'TECHUNA'
Ellos llamarán.,NAWA' PEKLU'TECHUNA'
Ellos vendrán.,NAWA' WENCHE'CHUNA'
Vendrán.,WENCHE'CHUNA'
Son huevos.,KADU'LUSA' NUKER'KA
Son rápidos.,WIUKSU'LUSA' NUKER'KA
Se fueron.,PA'LLINA'
Son buenos.,U'CHIMULUSA' NUKER'KA
Son ricas.,IYASU'LUSA' NUKER'KA
Son feos.,APER'PILUSA' NUKER'KA
Son débiles.,SAPUTEK'LUSA' NUKER'KA
Esto ayudará.,ASU' KATU'PA'TECHU
Tom respondió.,TOM NA'PITULLI
Tom canceló.,TOM A'TA'WANTULLI
Tom terminó.,TOM A'TA'WANTULLI
Tom insistió.,TOM A'PERCHULLI
Tom escuchó.,TOM LAUK'TULLI
Tom prometió.,TOM TEKINCHI'WALEK TULLI
Tom huyó.,TOM TEKA'LLI
Tom creció.,TOM SUSU'LLI
Tomás renunció.,CHUMA YUNSU'LLI
Tom tartamudea.,TOM MUSU' LUNPI'ÑI
Tom balbucea.,TOM MUSU' LUNPI'ÑI
Tom sobrevivió.,TOM CHIMILLINKEKLA NAMPILLI
Tomás desapareció.,CHUMA WER'LLI
Tom hablará.,TOM LUN'ECHU
"Tom, despierta.","TOM, NANPILADALLI"
Pruébate estos.,TEKLE'RIER ASU'LUSA
Espera fuera.,ADIPI WANTENTER'
Despiertalos.,UCHINANDE'KER
"Despiértate, Tom.","NANPILADAKER', TOM"
Camina conmigo.,DEK'KUNTER' KUALEK
Podemos hacerlo.,YENNITULEKWA' NU'TAK
Nos preparamos.,INSEK'DIPERLEKWA'
Estábamos listos.,INSEK'DIPERPI ÑAPAWIÑIDEK
Almorzamos.,IKINEK'UKLLI WERAÑIDEK 
Tenemos vino.,A'ÑAPALLIDEK VINU'
Los amamos.,TANTEN'ÑIDEK
Necesitamos ayuda.,LUWANTULLIDEK KATU'PA'
Necesitamos más.,LUWANTULLIDEK A'PINTA'
Lo necesitamos.,LUWANTULLIDEK
Dormimos demasiado.,NAKUSU' WICHI'LLIDEK
Deberíamos irnos.,PA'A'KAWA'SU' ÑAPALLI
¡Lo conseguimos!,¡KANANEKWA'!
¡Lo logramos!,¡KANANEKWA'!
Nos rendimos.,YENNICHI'NEK'WA'
Estábamos heridos.,LLIPU'PI ÑAPAWIÑIDEK
Estábamos lastimados.,LLIPU'PI ÑAPAWIÑIDEK
Somos adultos.,NUKA'KAWA TASERPILUSA'
Estamos asustados.,IMANTUSU' ÑAPALLIDEK
Estamos encerrados.,UNKU'PI ÑAPALLIDEK
Estamos hambrientos.,UKI'LATEK ÑAPALLIDEK
Estamos bromeando.,SI'LENTAPALLIDEK
Estamos perdiendo.,WER'APALLIDEK
Lo tenemos.,A'ÑAPALLIDEK
¿Quiénes son?,¿DENLUSA'CHA?
¿Quién canceló?,¿DEN ATA'WANTULLI?
¿Quién escuchó?,¿DEN LAUK'TULLI?
¿Quién renunció?,¿DEN YUNSU'LLI?
¿Quién desapareció?,¿DEN WER'LLI?
¿Quién empieza?,¿DEN TENMIAN'SU'LLI?
¿Quién parte?,¿DEN TENMIAN'SU'LLI?
¿Acaso vivirá?,¿NANPICHUA'CHA?
Eres bueno.,U'CHIMU NUKA'MA
Estás bien.,MU'SU' ÑAPALA
Eres rico.,KULLIKER'WANPALA
Puedes venir.,YENNITULA' UK'A'MAK
Puedes quedarte.,YENNITULA' LLIA'A'MAK
Tú primera.,NANENTUPEN
Ustedes primero.,NANENTU KENMAMA'
Lo heriste.,LLIPU'TULA
Le conoces.,LUWER'CHAPALA
Puedes nadar.,YENNITULA' IDUN'A'MAK
Prometiste.,NU'TECHUN TUWINA
Tú prometiste.,KENMA NU'TECHUN TUWINA
Prometió.,NANA TUWIÑI NU'TECHU
Usted prometió.,KENMA TUWINA NU'TECHU
Ustedes prometisteis.,KENMAMA' TUWINAMA' NU'TECHUMA
Prometieron.,TUWIÑINA' NU'TECHUNA
Ustedes prometieron.,KENMAMA' TUWINAMA' NU'TECHUMA
Lo prometiste.,NU'TECHUN TUWINA
Lo prometió.,TUWIÑI NU'TECHU
Lo prometieron.,TUWIÑINA' NU'TECHUNA
Me asustas.,A'IMANANTULUN
Sobreviviste.,CHIMINLLINKEKLA NAMPILA
Tú sobreviviste.,KENMA CHIMINLLINKEKLA NAMPILA
Sobrevivió.,CHIMINLLINKEKLA NAMPILLI
Usted sobrevivió.,KENMA CHIMINLLINKEKLA NAMPILA
Estarás bien.,MUSU' ÑAPE'CHU
Estás loco.,WA'DANPINTEK ÑAPALA
Es cruel.,MUKANKAN'INPU' NUKA'A
Estás borracha.,LUPERSU' ÑAPALA
Está despedido.,SAKA'TUNAKLA USU'LLINA
Están despedidos.,SAKA'TUNAKLA USU'DEKLLINA'
Estás gordo.,WEIPENSU' ÑAPALA
Estás mintiendo.,TUMU'PALA
Tienes razón.,TEKINCHI NUKA'A
Eres inteligente.,IÑER' ÑINCHITAPALA'
Son inteligentes.,IÑER' ÑINCHITULUSA' NUKER'KA
Eres listo.,INSEKDIPERPI NUKA'MA
Estás cansado.,SAKA'TUSU' ÑAPALA
Eres duro.,WATENSU' NUKA'MA
Estás equivocado.,APER'SU' ÑAPALA
¿Estoy soñando?,¿WA'LATAPALEK?
¿Están ocupados?,¿YENNICHI'NAMA'?
¿Son polis?,¿SUNTADULUSA'CHA?
¿Son altos?,¿SHIPENLUSA' NUKER'KA?
¿Estás sola?,¿KENMASHASA' ÑAPALA?
¿Estás enojada?,¿YUSU' ÑAPALA?
¿Estás despierta?,¿NANPILADASU' ÑAPALA?
¿Estás borracho?,¿LUPERSU' ÑAPALA?
¿Estás ebrio?,¿LUPERSU' ÑAPALA?
¿Estás embriagado?,¿LUPERSU' ÑAPALA?
¿Estás contento?,¿MUSU'CHA ÑAPALA?
¿Eres feliz?,¿MUSU' ÑAPALA?
¿Contento?,¿MUSU'?
¿Estás lista?,¿INSEK'DIPERPI ÑAPALA?
¿Están listos?,¿INSEK'DIPERPI ÑAPALAMA'?
¿Estás?,¿ÑAPALA?
¿Estás cansado?,¿SAKA'TUSU' ÑAPALA?
Pórtate bien.,MUSU' ÑIKER
Apóyame.,KATU'PA'U
Apóyanos.,KATU'PA'UDEK
Tráelo aquí.,KENCHER' ASEK
Pide ayuda.,LEKTER' KATU'PA'
Pida ayuda.,LEKTER' KATU'PA'
Pidan ayuda.,LEKTUKU' KATU'PA'
¡Llámame después!,¡PEKLU'U MA'ISIK!
¿Puedo entrar?,¿YENNITULEK DA'AK?
¿Puedo tenerlo?,¿YENNITULEK A'ÑAK?
¿Puedo abrazarte?,¿YENNITULEK WIPERI'A'KIK?
¿Puedo participar?,¿YENNITULEK KATUPA'TAK?
¿Puedo quedármelo?,¿YENNITULEK EK'LLIA'AK?
¿Puedo visitar?,¿YENNITULEK LLIAK?
¿Puedo tomarlo?,¿YENNITULEK PILLI'TAK?
¿Puedes dormir?,¿YENNITULA WICHI'A'MAK?
Venga mañana.,WEKER' EKLLI
Baila conmigo.,LANSA'KER' KUALEK
¿Hablaste?,¿LUN'NA?
¿Le conozco?,¿LUWER'CHAPALEK?
¿Te conozco?,¿LUWER'CHAPALLIEN?
¿Necesito uno?,¿LUANTULEK ALA'SA'?
Serás bienvenido.,MUSU' SEK'KAPERECHUNER'KEN
Hazlo rápidamente.,WIU'SU' NU'TER'
Hágalo rápido.,WIU'SU' NU'TER'
Hazlo conmigo.,KUALEK NU'TER'
¿Me sigues?,¿TUPITECHUNKU?
¿Lo ves?,¿LI'APALA?
¿Me ves?,¿LI'APALU?
No engordes.,YAWEYTA
Come algo.,MA'SHAPIN'TA KA'KER'
Todos ganan.,IÑER' KANA'TULLINA'
Dámelo.,ENKA'U
Dímelo.,WINTU'U
Dame algunos.,ENKA'U NU'UNTA'LUSA'
Deme esos.,ENKA'U NANALUSA'
Aguanta.,YAN'KATEKTER'
Espera ahí.,NANEK WATENKER'
Espere allí.,NANEK WATENKER'
Agárrate fuerte.,PILI'KER' IKERSU'
Guarda eso.,SEKDIPERKER' NANA
Conserva eso.,SEKDIPERKER' NANA
Hazlo venir.,A'WENCHER'
Come mucho.,WAPU' WERAMPALLI
Le cogieron.,PILLI'TULLINA
Está leyendo.,LUNTA'PALLI
La besó.,MUSHA'LLI
Luce pálido.,SHAPI'TEK NUKA'A
¡Me pellizcó!,¡SEK'TEK'LLIU!
Camina rápido.,WIU'SU' DEKUNTER'
Quiere más.,A'PINTA' LUWANTULLI
Es abogado.,CHIMIDEKPI NUKA'A
Aquí viene.,ASEK UK'APILELLI
Abrazame fuertemente.,WIPERI'U IKERSU'
Espera allí.,WA'TENDER' NANEK
Sujétalo fuerte.,PILLI'TER' IKERSU'
¡Sujétalo!,¡PILLI'TER'!
¿Cómo estáis?,¿MA'PU'SIN?
¿Cuántos murieron?,¿ENPU'DUN CHIMIÑINA'?
¡Qué emocionante!,¡EMBU'NIMUSHIPA'!
"Apúrate, Tom.",WIUK'ER' TOM
Casi morí.,CHIMINWINEK
Siempre camino.,NERPI'PU' DEKUNDAPALEK
Soy americano.,AMERICANO NUKA'KA
Soy japonés.,JAPONES NUKA'KA
Estoy tosiendo.,CHINKU'PALEK
Me indigna.,A'YIULLIU
Estoy estornudando.,A'SHUPALEK
Te creo.,LATEKLLIEN
Les creo.,LATEKDEKLEK
Los llamé.,PEKLU'DEKLEK
Puedo sentirlo.,YENNITULEK LAUK'AK
Puedo verte.,YENNITULEK LI'AN'SU'
Yo contribuí.,KUA KATU'PATULEK
No esperé.,WA'TENCHI'NEK
No estudio.,KU'LA ÑINCHITAPI'NEK
Yo exageré.,KUA A'NADALEK
Me dormí.,WICHI'LEK
Te perdono.,MA'ICHIN'CHEN
Me casé.,SADALEK (hombre) / SUDALEK (mujer)
Odio volar.,LUYULEK PENNU'AK
Detesto volar.,LUYULEK PENNU'AK
Odio perder.,LUYULEK WER'AK
Detesto perder.,LUYULEK WER'AK
Estoy resfriado.,ILUSU' ÑAPALEK
Estoy acatarrado.,ILUSU' ÑAPALEK
He pecado.,APER'LEK
Escucho voces.,LAUK'APALEK LA'LA'LUSA'
Te mentí.,TUMU'TULLIEN
Les mentí.,TUMU'TULEKLEK
Hice café.,WAYUSA' NU'TULEK
Preparé cena.,KALUTULEK
Necesito café.,WAYUSA' LUWANTULEK
La rescaté.,KANANEK
Lo rescaté.,KANANEK
Lo abofeteé.,PATENCHULEK
Dormí mucho.,NAKUSU' WICHILEK
Quiero café.,LUWANTULEK WAYUSA'
Quiero llorar.,YAWELLEKLEK
Quiero morir.,YACHIMINEK
Quiero comer.,YAWERANNEK
Quiero intentarlo.,YATEKLERILEK
Quiero ganar.,YAKANA'LEK
Tuve cuidado.,INLU'UKTUWINEK
Estaba furioso.,YUPAWINEK
Estaba celoso.,APISADATUTEK ÑAPAWINEK
Estaba atrapado.,PILLI'PI ÑAPAWINEK
Estaba desarmado.,ILLIAPALEK'INPU ÑAPAWINEK
Escribo versos.,LINSERCHAPALEK LA'LA'LUSA'
Lo permitiré.,TA'ITULEKCHEK
Estaré solo.,KUASA' ÑAPECHEK
Seré breve.,WIUKSU' ÑIN'CHEK
Estaré ahí.,ÑAPECHEK NANEK
Lo compraré.,MAPE'CHEK
Lo llamaré.,PECLU'ECHEK
Comeré aquí.,ASEK WERENCHEK
Lo mataré.,DEI'TECHEK
Le mataré.,DEI'TECHEK
Te mataré.,DEI'TECHEN
Lo demostraré.,ALLI'ECHEK
Te mostraré.,ALLI'ECHEN
Le mostraré.,ALLI'ECHEK
Lo llevaré.,EPA'ECHEK
Cogeré uno.,MAECHEK ALASA'
Lo miraré.,LLI'ECHEK
Soy islandés.,ISLANDES NUKA'KA
Soy estudiante.,KIRKA'ÑINCHITUTEK NUKA'KA
Soy maestro.,ALEKTUTEK NUKA'KA
Soy huérfano.,SUILA NUKA'KA
Soy guapa.,MULUN NUKA'KA
Estoy desesperado.,PERWATENDUSU' ÑAPALEK
Estoy agotado.,SAKA'TUSU' ÑAPALEK
Soy olvidadizo.,PINANERCHEK'KU NUKAKA
Estoy horrorizado.,TEKUA'DANSU' ÑAPALEK
Estoy impaciente.,YENNICHINEK WA'TENTAK
Soy importante.,LUWANTULLINER'KU
Estoy impresionada.,ÑAPALEK IMANANTUSU'
Estoy escuchando.,LAUK'APALEK
Te escucharé.,LAUK'ECHEN
Estoy satisfecho.,ÑAPALEK SAKEKSU'
Soy sensible.,MANENPITA' IKERCHULEK
Tengo cerveza.,AÑAPALEK CERVEZA
¿Está mirando?,¿LLI'TAPALLI?
¿Es doloroso?,¿IKERLI?
¿Es popular?,¿LUWER'PIA'CHA?
¿Es privado?,¿SEKIPIA'CHA?
¿Está lloviendo?,¿ULANPALLINCHA?
¿Es dulce?,¿KASER'LLINCHA?
¿Hay más?,¿ÑAPALLI A'PINDA'?
Se quebró.,NUPEK'TULLI
Empeora.,NU'LA'LLI
Había nevado.,PULUNKER' ÑAPAWIÑI
Aquí duele.,ASEK IKERLLI
Me enferma.,A'KALUWI'LIU
Fue irónico.,SI'LEN ÑIWIÑI
No dolerá.,KU'LA IKERINCHU
No servirá.,KU'LA PA'CHINCHU
Funciona bien.,SAKA'TAPALLI MUSU'
Será fácil.,SAKA'DEKIMPU ÑICHU
Es adorable.,U'CHIMUSHA NUKA'A
Son negocios.,UKU'LATAK NUKER'KA
Está desierto.,MANEN ÑI'ÑI
Es emocionante.,SAKEKNANSU' NUKA'A
Está mejorado.,TEKDIPERPI ÑAPALLI
Es obsoleto.,NAPI'DA' NUKA'A
Está ocupado.,IPIA'LA YENNICHI'ÑI
Está obsoleto.,ÑAPALLI NAPI'DA'
Déjelo.,TA'ITULER'
Solo levántate.,KENMASA' YUNSANKER'
Aprende italiano.,ÑINCHITER' ITALIANU
Déjelo aquí.,TA'ITULER' ASEK
Déjale pasar.,TA'ITULER' NAKUI
Déjame terminar.,TA'ITULA'U ATA'WANTAK
Déjame cogerlo.,TA'ITULA'U PILLI'TE'CHEK
Déjame verlo.,TA'ITULA'U LLI'ECHEK
Déjame intentarlo.,TA'ITULA'U TEKLE'RICHEK
Déjame probarlo.,TA'ITULA'U TEKLE'RICHEK
Preguntémosle.,LEK'KAWA'
Hagamos más.,A'PINTA' NU'TAWA'
Hagamos eso.,NU'TAWA' NANA
Comamos fuera.,ADIPI KA'AWA'
Vámonos.,ENCHUKU' 
Volvamos.,ADANTA'WA'
Vayamos abajo.,NUWANTA'WA'
Mantengámoslo.,TUPI'WA'
Prosigamos.,TUPI'WA'
Avancemos.,PA'AWA' EKTER'LUPA'
Abrámoslo.,EK'KER'CHAWA'
Sigamos adelante.,TUPI'WA' EKTER'LUPA'
Hazlo rápido.,WIUK'SU' NU'TER'
Resume.,TUNKA'SU' NU'TER'
¿Puedo verlo?,¿YENNITULEK LLI'AK?
Memoriza esto.,SEKDIPERKER' ASU' MUTU'PENKEK
Nadie llamó.,ÑIDEN PEK'KLU'CHI'ÑI
¡Di algo!,¡TUKER' MA'NEN'UNTA'!
¡Digan algo!,¡TUKU' MA'NEN'UNTA'!
Mándamelo.,A'UKTUWU
¿Empiezo?,¿TENMIANSU'CHEK?
¿Debo continuar?,¿TUPITE'CHEKPI'LA?
Es francesa.,NUKA'A FRANCESA
Sientate Tomás.,DUKER' CHUMA
Habla claramente.,LUNKER' LACHEK'AK
Hable claramente.,LUNKER' LACHEK'AK
Hablen claramente.,LUNKU' LACHEK'AK
Habla bajito.,TA'TULA'SHASU' LUNKER'
Habla calladito.,TA'TULA'SHASU' LUNKER'
Sé positivo.,INLLI'INUTER' MUSUK
Sigue positivo.,MUSUK'I'LA LLI'INUPER'
Mantenganse juntos.,MUMU'SU' ÑAPAKU'
¡Qué listo!,¡DAKUTI'ÑI!
Ya basta.,TA'ITULER'
Es suficiente.,NANASA'
Es simple.,SAKA'DEK'INPU'
Aquí tienes.,ASEK A'ÑAPALA
Están aquí.,ASEK ÑAPALLINA'
Cancelaron.,TA'ITULA'LLINA'
Lo encontraron.,KANAÑINA' 
Te conocen.,LUWER'CHAPALLIÑER'KEN
Deben morir.,CHIMIN'ER'KASU'ÑAPALLI
Gritaron.,LAMAPU'LLINA'
Ellos bailarán.,NAWA' LANSE'CHUNA'
Están vivos.,NANPIPALLINA'
Están solos.,NAWA'SA' ÑAPALLINA'
Están enojados.,YUSU' ÑAPALLINA'
Están limpias.,MUPISUSA' ÑAPALLINA'
Están mintiendo.,TUMU'PALLINA'
Están cansados.,SAKA'TUSU' ÑAPALLINA'
Son gemelos.,INSILANPI NUKER'KA
Es incorrecto.,MUI'SU' NUKA'A
Tom aplaudió.,TOM INLLIPU'ITEK'LATULLI
Tom dudó.,TOM LATEK'CHI'ÑI
Tom recuerda.,TOM LLI'INUTAPALLI
Tom vaciló.,TOM SI'LENTULLI
Tom mentía.,TOM TUMU'PAWIÑI
Tom palideció.,TOM SHA'PI'WIÑI
Tom cocinará.,TOM AKUSUTE'CHU
Tom obedecerá.,TOM LATEKTE'CHU
Intenta hacerlo.,TEKLERIER' NU'TA'MAK
¿Estaba roncando?,¿TUKULU'PAWIÑI?
Estamos llorando.,WELLIEK'APALLIDEK
Estamos arruinados.,NAKUSU' MUIN'SU' ÑAPALLIDEK 
Estamos condenados.,NAKUSU' MUIN'SU' ÑAPALLIDEK 
Tenemos hambre.,UKI'LALLIDEK
Podríamos leer.,YENNITUWINASKUDEK LUNTAK
Podríamos caminar.,YENNITUWINASKUDEK DEK'KUNTAK
Fuimos robados.,APE'CHUWIÑINER'KUDEK
Nos robaron.,APERLLINER'KUDEK
Tenemos perro.,A'ÑAPALLIDEK ÑIÑI'WA
Tenemos planes.,A'ÑAPALLIDEK MA'NEN'UN'TA' NU'TAK
Tenemos reglas.,A'ÑAPALLIDEK LA'LA'LUSA' LATEK'AK
Necesitamos dinero.,KULLIKER' LUWANTULLIDEK
Nunca hablamos.,ÑINPI' LUNPI'ÑIDEK
Deberíamos comer.,KA'A'KAWA'SU' ÑAPALLI
Lo entendemos.,LACHEK'APALLIDEK
Estábamos cerca.,KAWITUSU' ÑAPAWIÑIDEK
Estábamos borrachos.,LUPERSU' ÑAPAWIÑIDEK
Teníamos razón.,A'PERSU' ÑAPIÑIDEK
Sobreviviremos.,CHIMINLLINKEKLA NANPITERWA'
Somos primos.,YALLI'WALUSA' NUKA'KAWA'
Estamos intrigados.,LACHEK'INSU' ÑAPALLIDEK
Estamos bailando.,LANSA'PALLIDEK
Nos vamos.,PA'ECHIDEK
Estamos casados.,SADASU' ÑAPALEK'
Estamos leyendo.,KERKA' LUNTAPALLIDEK
Somos egoístas.,KENMU'SAK LLI'I'NUPALEKWA'
Somos serios.,KU'LA YAMERAPIÑIDEK
Nos quedamos.,LLIA'TERWA'
Miramos,LLI'ATERWA'
¡Estamos atrapados!,¡PILLI'PI ÑAPALEKWA'!
Estamos atrapados.,PILLI'PI ÑAPALEKWA'
Estamos ganando.,KANA'TAPALEKWA'
Estamos trabajando.,SAKA'TAPALEKWA'
¿Estabas ocupado?,¿AÑAPAWINANCHA' MA'NEN'UN'TA' NUTA'MAK?
¿Te dispararon?,¿ILAÑINER'KEN?
¿Estabas enfermo?,¿KALUWI'SU' ÑAPAWINA?
¡Qué fiasco!,¡ENPU'NI DAKUTA'IPA'!
¡Qué alivio!,¡ENPU'NI MUI'PA!
¿Qué ocurrió?,¿MA'NEN'A'CHA NAKULLI?
¿Qué haremos?,¿MA'NEN'A'CHA NU'TATERWA'?
¿Cuándo vamos?,¿ENPI'A'CHA PA'ATER?
¿Dónde estás?,¿ENÑUPA'CHA ÑAPALA?
¿Dónde están?,¿ENÑUPA'CHA ÑAPALAMA'?
¿Dónde estábamos?,¿ENÑUPA'CHA ÑAPAWINEKWA'?
¿Quién gana?,¿DEN KANA'TULLI?
¿Ella vendrá?,¿NANA WENCHE'CHU?
¿Vendrá ella?,¿WENCHE'CHU NANA?
¡Estás borracho!,¡LUPERSU' ÑAPALA!
Llegaste temprano.,DASU'LA EKTU'KERLLIA
Se equivocan.,APER'LLINA'
¡Puedes hacerlo!,¡YENNITULA NU'TA'MAK!
Puedes hacerlo.,YENNITULA NU'TA'MAK
Tienes vino.,A'ÑAPALA' VINU'
¡Hipócrita!,¡KATU'LADA!
Pareces ocupado.,MA'NEN'NU'TAPA'MASU'PU'SU' LLI'TULA
Pareces enfermo.,KALUWINANPU'SU' LLI'TULA
Puedes hablar.,YENNITULA LUN'A'MAK
Debes esperar.,WA'TENTA'MASU' ÑAPALLI
Necesitas ayuda.,KATU'PA' LUWANTULA
Necesitas esto.,LUWANTULA ASU'
Deberías ir.,PA'A'MASU' ÑAPALLI
Hueles mal.,ANAPILA
Pareces loco.,WA'DANPINTEK'PU'SU' LLI'TULA
¿Quieres esto?,¿ASU' LUWANTULA?
Estabas ocupado.,SAKA'TAPAWINA
Eras mío.,KUAKIN ÑIWINA
Eras simpático.,U'CHA'PAYA ÑIWINA
Fracasarás.,NU'CHIN'CHU
Trabajas duro.,SAKA'TECHU WATENSU'
Trabajas mucho.,SAKA'TECHU EMPU'NIPA
Llegaran lejos.,WEI EK'TUE'CHUNA'
Llegará lejos.,WEI EK'TUE'CHU
Lo verás.,LLI'ECHU
La verás.,LLI'ECHU
Eres parcial.,DENLEKPIN'TA' ÑAPALA
¿Bromeas?,¿SI'LENTAPALA'?
¡Estás bromeando!,¡SI'LENTAPALA!
Eres guapa.,MULUNSHA NUKA'MA
Estás soltero.,INAPIKEN NUKA'MA
Estás delgado.,SHA'MU'SU' NUKA'MA
Estás dormido.,WICHI'SU' ÑAPALA
Estás tratando.,YANU'TAPALA
¿Estoy calificado para el trabajo?,¿MUPALEK SAKA'TUNANKI?
¿Tenías miedo?,¿TE'KUAWINA?
¿Estás dormido?,¿WICHI'SU' ÑAPALA?
¿Vendrás?,¿WENCHE'CHUN?
¿Vienes?,¿WENCHE'CHUN?
¿Estás bromeando?,¿SI'LENTAPALA?
¿Estás soltero?,¿INAPIKEN ÑAPALA?
Tráemelo.,KERITU'U
¿Puedo ayudarle?,¿YENNITULEK KATU'PA'A'KIK?
¿Puedo ayudarte?,¿YENNITULEK KATU'PA'A'KIK?
¿Puedo besarte?,¿YENNITULEK MUSHA'A'KIK?
¿Puedo verlos?,¿YENNITULEK LLI'DEK'AK?
¿Puedo sentarme?,¿YENNITULEK DU'AK?
¿Podemos proseguir?,¿YENNITATERWA TUPITAK?
¿Podemos continuar?,¿YENNITATERWA TUPITAK?
¿Puedes levantarte?,¿YENNITULA YUNSAN'A'MAK? 
¿Puedes verlo?,¿YENNITULA LLI'A'MAK?
Vuelve aquí.,ADENCHER' ASEK
Regresa pronto.,ADENCHER' WIUK'SU'
Baja aquí.,NU'WANKER' ASEK
Ven entra.,WEKER' DA'ENCHER'
"Vamos, hazlo.","PA'AWA , NU'TER'"
"Vamos, háganlo.","PA'AWA , NU'TUKU'"
Ven acá.,WENCHER' ASEK
¿Entendió?,¿LACHEK'LA?
¿Lo viste?,¿LLI'LA?
Hágalo mañana.,EKLLI NU'TER'
¿Te conocemos?,¿LUWER'CHAPALLIDEN?
¿Lo tienes?,¿A'ÑAPALA?
¿Me oyes?,¿LAUK'APALUN?
¿Me escuchás?,¿LAUK'APALUN?
¿Lo sabes?,¿ÑINCHITAPALA?
¿Me conocen?,¿LUWER'CHAPALAMA'U?
¿Nos conoces?,¿LUWER'CHAPALAMA'UDEK?
¿Te gusta?,¿IYATULA?
¿Me quieres?,¿LUWANTULUN?
¿Me amas?,¿LUWANTULUN?
¿Te gusto?,¿IYATULUN?
¿Duele esto?,¿IKERLLI ASU'?
No forcejees.,YANANTAPITA
Cómete todo.,KA'KER' IÑER'
Cómanse todo.,KA'KU' IÑER'
Todos mienten.,IÑER' TUMU'LLINA'
Todos pagaron.,IÑER' PANWILEK'TULLINA'
Dáselo.,ENKA'KER'
Buenas tardes.,MUER'WA
Pásaselo.,ENKA'KER'
¡Feliz año!,¡MUEK'KILALA!
¿Has comido?,¿WERANA?
¿Comiste?,¿WERANA?
¿Ya comiste?,¿IPA WERANA?
Él aceleró.,APINTA'A'TEKALLI
Tiene barba.,AMU UTEK'WAÑI
Ha cambiado.,A'PAWILEKLLI
Es canadiense.,KANADIENSE NUKA'A
La increpó.,YUTULLI
Parece enfadada.,YUPA'MASU'PUSU' LLI'TULA
Vende frutas.,UKU'LATAPALLI WAYUPILUSA'
Debería venir.,WENCHA'WINSU'
Quiere ir.,YAPA'LLI
Se ahogó.,CHIMIDEK'TULLI
Está deprimido.,WE'INUTAPALLI
Aquí vienen.,ASEK UK'APILELLINA'
¿Cuánto es?,¿ENPUDUNCHA?
"¡Apúrensen, muchachos!",¡WIUK'KU WILALUSA'!
Ya sé.,IPA' ÑINCHITULEK
Comí demasiado.,NAKUSU' WERANEK
Te creí.,LATEKLLIEN
Presto dinero.,ALANTAPALEK KULLIKER'
Traje vino.,KERLLIEK VINU'
Puedo ayudarte.,YENNITULEK KATU'PA'A'KIK
Puedo demostrarlo.,YENNITULEK A'LLI'TAK
Lo noto.,LLI'APALEK
No pico.,KU'LA EK'KUANPINEK
No sigo.,KU'LA TUPIAPI'NEK
No entiendo.,KU'LA LACHEK'I'NEK
Bebo café.,ULEK WAYUSA'
Me arrestaron.,PILLI'TULLINER'KU'
Me divorcié.,YANPU'LEK
Me divertí.,SAKEK'LEK
Odio bailar.,LUYULEK LANSA'AK
Detesto bailar.,LUYULEK LANSA'AK
Odio planchar.,EMPU'DUNCHA'
Odio trabajar.,LUYULEK SAKA'TAK
Tengo tos.,ILULEK
Ni idea.,NINCHICHI'NEK
Tengo hermanas.,UTRINWANPALEK
Adoro ganar.,IYATULEK KANA'TAK
Hice panecitos.,NUTULEK TANTA'SHALA
Debo regresar.,ADANTA'A'KASU' ÑAPALLI
Necesito respuestas.,LUWANTULEK NA'PIA'MUSU'
Necesito descansar.,LUWANTULEK NERIAK
Necesito trabajar.,LUWANTULEK SAKA'TAK
Necesitaba dinero.,LUWANTUWINEK KULLIKER'
Ahora recuerdo.,IPA'LA LLI'INUTULEK
Te recuerdo.,LLI'INUTAPALLIEN
Estornudo mucho.,A'SHULEK WAPU'
Hablo francés.,LUMPALEK FRANCES
Estudio francés.,A'LEK'APALLINER'KU FRANCES
Estudio coreano.,A'LEK'APALLINER'KU KOREANO
Enseño francés.,A'LEK'TAPALEK FRANCES
Quiero otro.,LUWANTULEK ALI'LA
Quiero ayudar.,YAKATUPA'TULEK
Quiero vivir.,YANAMPILEK
Quiero jugar.,YAINTEKLLITULEK
Quiero renunciar.,YAYUNSU'LEK
Quiero descansar.,YANERILEK
Quiero hablar.,YALUN'NEK
Quiero trabajar.,YASAKA'TULEK
Fui arrestado.,PILLITUWIÑINERKU'
Estaba soñando.,WA'LATAPAWINEK
Estaba durmiendo.,WICHA'PAWINEK
Estaba sudando.,ELLIA'PAWINEK
Fui bienvenido.,MUSU' SEKAPER'LLINERKU
Estaba agotado.,ÑAPAWINEK SAKA'TUSU'
Desearía poder.,YEN'NICHINA'KA
Sería cuidadoso.,ÑI'INAKA INLU'UKTUTEK
Preferiría morir.,CHIMIN'INA'KA
Estaré cerca.,KAWIK ÑAPECHEK
Seré directo.,CHEKSU' ÑECHEK
Los llamaré.,PEKLUE'CHENMA'
Te llamaré.,PEKLUE'CHEN
Lo regañaré.,YUTE'CHEK
Le reñiré.,YUTE'CHEK
Te invitaré.,PEKLUE'CHEN
Soy principiante.,TENMIANSU'PALEK
Soy músico.,TULUNER'CHEKU NUKA'KA
Estoy asombrada.,IMANANTUSU' ÑAPALEK
Estoy apurado.,WIUK'APALEK
Me desnudo.,INANPILECHEK
Estoy desempleado.,MAKEK SAKA'TAPI'NEK
Estoy parado.,WANERAPALEK
Estoy desempleada.,MAKEK SAKA'TAPI'NEK
Estoy acostumbrado.,ÑAPALEK DA'IYASU'
Me vieron.,LLI'LLINER'KU
Me dispararon.,ILANÑINER'KU
Me demandaron.,IKER'LALAK AKU'LLINERKU
Los vi.,LLI'DEK'LEK
¿Es médico?,¿LULENTUTEKEN'A'CHA?
¿Es doctor?,¿LULENTUTEK'A'CHA?
¿Está durmiendo?,¿WICHA'PALLI?
¿Está dormido?,¿WICHISU'A'CHA?
¿Es posible?,¿YENNITATER'A'CHA?
¿Está sano?,¿MUDINUPALLINCHA?
¿Está mejor?,¿IPA' MULA'LLI?
Puede hacerse.,YENNITULEK NU'TAK
No funcionó.,KU'LA SAKA'CHI'ÑI
Mejora.,TEKDIPERKER
Es sábado.,SAWADU' NUKA'A
Huele bien.,U'CHIMU LANELLIEK
¡Huele rico!,¡IYASU' LANELLIEK!
Parece fácil.,SAKA'DEK'INPU' LLI'TULLI
Fue ameno.,U'CHIMU ÑIWIÑI
Era perfecto.,U'CHIMU ÑIWIÑI
Fue planeado.,LLI'INUPI ÑIWIÑI
Estaba nevando.,PULUNKER'APAWIÑI
Nevaba.,PULUNKER'APAWIÑI
Estará listo.,INSEK'DIPERPI ÑAPE'CHU
Es mes de navidad.,ÑIÑUDUKER' NUKA'A
Me supera.,KANA'LLIU
Es delicioso.,IYASU' NUKA'A
Es diferente.,NERPI'LA NUKA'A
Es idéntico.,NANAPU'SU' NUKA'A
Está vibrando.,PADA'SA'TAPALLI
¡Es maravilloso!,¡LIATUSU' NUKA'A!
Olvídalo ya.,IPA' PINANERKER'
Simplemente hazlo.,MA'PU'SU'PINTAK NU'TER
Déjame irme.,TA'ITULA'U PAE'CHEK
Llévalo contigo.,EKPA'KER KENMALEK
Consérvalo contigo.,SEKDIPERKER' KENMALEK
Siga intentando.,INPALERIAPER'
Sigue buscando.,DUNKER'APER'I'LA
Déjelo ahí.,TA'ITULER NANEK
¡Déjame sola!,TA'ITULA'U KUASA'
Déjanos solos.,TA'ITULA'UDEK KUDASA'
Déjame explicar.,TA'ITULA'U WINTECHEN
Déjame sentirlo.,TA'ITULA'U LAUK'ECHEK
Déjame oírlo.,TA'ITULA'U LAUK'ECHEK
Déjalos pelear.,TA'ITULA'DEK'KU' IDENMAINA'
Seamos valientes.,ÑIAWA' NANTAPITEK LUSA'
Continuemos.,TUPITAWA'
Comamos aquí.,WERANWA' ASEK
Practiquemos.,IMPALERIAWA'
Sentémonos.,DU'AWA'
Levantémonos.,YUNSANWA'
Escucha atentamente.,LAU'KER' MUSU'
¡Escucha esto!,¡LAU'KER' ASU'!
¿Puedo acompañarle?,¿YENNITULEK KA'TAN'AN'SU'?
¿Puedo acompañarles?,¿YENNITULEK KA'TAN'AN'MASU'?
¿Puedo unírmeles?,¿YENNITULEK PIPER'AN'MASU'?
Muévase ya.,LENME'KER' IPA
Nadie gritó.,ÑIDEN LAMAPUI'ÑI
Nadie escucha.,ÑIDEN LAUK'TAPI'ÑI
Demuéstramelo.,A'LLI'U
Dilo claramente.,TUKER' TEKINCHIWALEK
¿Empezamos?,¿TENMIANSU'TER?
¿Comenzamos?,¿TENMIANSU'TER?
¿Quiere bailar?,¿YALANSA'LLI?
¿Bailamos?,¿LANSA'WA?
La cogieron.,PILLI'TULLINA'
Estaba llorando.,WELLIEK'APAWIÑI
¿Debería cerrar?,¿UNKU'TUWINANSIN?
Apareció humo.,LLI'TULLI KELLIU
Fumar apesta.,U'WA'TAK ANALLI
Estuvo cerca.,ÑAPAWIÑI KAWIK
¡Increíble!,¡LATEK'I'NEK!
Es correcto.,MULLINCHA'
Es evidente.,LATEK'LANAÑI
Está claro.,LATEK'LA NAÑI
Es obvio.,LATEK'LA NAÑI
Es ese.,NUKA'A NANA
Qué malo.,MUKANKANINPU'
Ellos aplaudieron.,NAWA' INLLIPU'ITEKLATULLINA'
Le preguntaron.,LEK'KLLINA'
Ambos murieron.,NU'MISANSU' CHIMIÑINA'
Tienen vino.,A'ÑAPALLINA' VINU'
Ellos discutieron.,NAWA' INYUTULLINA'
Quieren más.,LUWANTULLINA' A'PINTA
Estaban muertos.,ÑAPAWIÑINA' CHIMIPI
Estaban enfermos.,ÑAPAWIÑINA' KALUWI'SU'
Ellos ayudarán.,NAWA' KATU'PA'TECHUNA'
Trabajan mucho.,SAKA'TULLINA' NAKUSU'
Atacarán.,PANPER'ECHUNA'
Ellos atacarán.,NAWA PANPER'CHECHUNA'
Vienen.,UK'APILELLINA'
Están fatal.,MUINSU' ÑAPALLINA'
Están dentro.,KINEKLA' ÑAPALLINA'
Piénsatelo.,INLLI'INUKER'
Piénsalo.,INLLI'INUER'
Este funciona.,ASU' SAKA'TECHU'
Falta Tomás.,PAWANPALLI CHUMA
Tom canta.,TOM TULUNER'LLI
Tom recordó.,TOM LLI'INUTULLI
Tom entendió.,TOM LACHEK'LLI
Tom luchará.,TOM IDENMECHU
"¡Tom, respóndeme!","¡TOM , NA'PIU!"
Ten cuidado.,INLU'UK'TUKER'
Somos médicos.,LULENTUTEK NUKA'KAWA'
Bebimos mucho.,NAKUSU' ULLIDEK
Le perdonamos.,TA'ITULA'LLIDEK
Necesitamos ganar.,LUWANTULLIDEK KANA'TAK
Necesitábamos ayuda.,LUWANTULLIDEK KATU'PA'
Deberíamos ayudar.,KATU'PA'TUWINANSU'
Fuimos culpados.,A'APITULLINER'KUDEK
Estábamos bromeando.,SI'LENTAPAWIÑIDEK
Estaremos felices.,MUSU' ÑAPE'CHIDEK
Ahí estaremos.,NANEK ÑAPATERWA'
Lo pintaremos.,LLINSERLLIDEK
Te salvaremos.,A'CHIYEK'ECHIDEN
Somos hermanos.,IIN NUKA'KAWA
Estamos divorciados.,YANPU'SU' ÑAPALLIDEK
Somos inquietos.,WADANPINTEK NUKA'KAWA'
Estamos colgados.,ÑAPALLIDEK WINTENSU'
Somos minuciosos.,INLU'UK'TUTEK NUKA'KAWA'
Los tenemos.,A'ÑAPALEKDEKWA'
Tenemos esto.,A'ÑAPALEKWA' ASU'
¿Estabas solo?,¿KENMASA' ÑAPAWINA?
¿Estabas allí?,¿NANEK ÑAPAWINA?
¡Buen país!,¡U'CHIMU ÑINALU'!
¡Buen pensamiento!,¡U'CHIMU LLI'INU!
¿Y tú?,¿KENMA?
¿Qué necesito?,¿MA'NEN LUWANTULEK?
¿Cuándo termina?,¿ENPI' TA'WANTECHU?
¿Dónde estabas?,¿ENÑUPA' ÑAPAWINA?
¿Lo harás?,¿NU'TECHU'?
¿Lo harán?,¿NU'TECHUMA'?
"Sí, claro.",TEKINCHI
"Sí, ciertamente.",TEKINCHI
Me ignorabas.,LUWER'CHI'NUN
Me ignoraste.,LUWER'CHI'NUN
Me mentiste.,TUMU'TULUN
Nos mentiste.,TUMU'TULUNDEK
Pareces cansado.,SAKA'TA'MASU'PU'SU' LLI'TULA
Pareces molesto.,YUPA'MASU'PU'SU'  LLI'TULA
Puedes negarte.,KU'LA TUNANSIN
Necesitan dinero.,LUWANTULLINA' KULLIKER
Hueles bien.,LANERLLIEN U'CHIMU
Quédese ahí.,LLIA'KER NANEK
Fuiste valiente.,NANTAPITEK ÑIWINA
Estabas feliz.,MUSU' ÑAPAWINA
Estaban felices.,MUSU' ÑAPAWIÑINA'
Son increíbles.,LATEK'INPU'PILUSA' NUKER'KA
Estás enamorado.,YAKU'APER'WANA
Estás invitado.,PEKLUPI NUKA'MA
Eres paciente.,WA'TENTUTEK NUKA'MA
Estás ganando.,KANA'TAPALA
Están ganando.,KANA'TAPALLINA'
Estás herida.,KALUWI'PALA
Has cambiado.,A'PAWILEK'LA
Quien sea.,DENPINTA' ÑI'I
¿Terminamos?,¿A'TA'WANTULEKWA'?
¿Estás emocionado?,¿SAKEK'SU' ÑAPALA?
¿Están bien?,¿MUSU' ÑAPALAMA'?
¿Estás saludable?,¿MUDINU'PALA?
¿Estás sano?,¿MUDINU'PALA?
¿Estás jodiendo?,¿A'PE'CHAPALA?
¿Estás mirando?,¿LLI'TAPALA?
¿Estás casado?,¿SADASU'CHA ÑAPALA?
¿Estás casada?,¿SUDASU'CHA ÑAPALA?
¿Son hermanas?,¿KAI'KUALUSA' NUKA'MAMA'?
¿Estás ganando?,¿KANA'TAPALA?
¿Estás trabajando?,¿SAKA'TAPALA?
Pregúntame mañana.,LEK'KU EK'KLLI
Acércalo.,A'KAWITER'
Traeme eso.,KERITU'U NANA
¿Puedo probármelo?,¿YENNITULEK LATA'AK?
¿Pueden vernos?,¿YENNITULLINA LLI'ER'KENMUAK?
¿Podemos probarlo?,¿YENNITULEKWA' LATA'AK?
¿Puedes encontrarlo?,¿YENNITULA KANAN'A'MAK?
¿Puedes oírme?,¿YENNITULA LAUK'A'MUK?
¿Puedes oírnos?,¿YENNITULA LAUK'A'MUDEK?
¿Puedes ayudarme?,¿YENNITULA KATUPA'A'MUK?
¿Pueden ayudarme?,¿YENNITULAMA KATUPA'A'MUK?
¿Puedes abrirlo?,¿YENNITULA EK'KER'CHA'MAK?
¿Puedes mostrarme?,¿YENNITULA A'LLI'A'MUK?
"Vamos, levántate.","YUNSANKER' , ENCHU"
Defiéndete.,INLU'UKTER'
¿Me oíste?,¿LAUK'LUN?
¿Te gustó?,¿IYA'TULA?
¿Les gustó?,¿IYA'TULAMA?
¿Me querías?,¿LUWANTUWINUN?
¿Me amabas?,¿LUWANTUWINUN?
¿Lo hiciste?,¿NU'TULA?
¿Me extrañaste?,¿LU'WAN'NUN?
Hazlo ahoritita.,NU'TER' IPIA'LASHINCHI
¿Comés carne?,¿CHUCHU KA'A'PALA?
¿Está mal?,¿ÑAPALLI MUIN'SU?
¿Tienes uno?,¿A'ÑAPALA ALA'SA'?
¿La conoces?,¿LUWER'CHAPALA?
¿La conocen?,¿LUWER'CHAPALAMA?
¿Le conoce?,¿LUWER'CHAPALLI?
¿Lo recuerdas?,¿LLI'INUTAPALA?
¿Tú crees?,¿KENMA LATEKTAPALA?
¿Usted cree?,¿KENMA LATEKTAPALA?
¿Le quieres?,¿LUWANTAPALA?
¿Me conoce?,¿LUWER'CHAPALUN?
No interfieras.,YATU'NEKTUTA
No mientas.,YATUMU'TA
¡No mientas!,¡YATUMU'TA!
Todos miraron.,IÑER'DAPER' LLI'TULLINA'
Todos oraron.,IÑER'DAPER' MALLIA'LLINA'
Todos sonrieron.,IÑER'DAPER YAMERLADALLINA'
Dales dinero.,ENKA'DEKER' KULLIKER'
¡Dámelas!,¡ENKA'U!
¡Dámelos!,¡ENKA'U!
"Genial, ¿no?",U'CHIMUINCHI ¿I'YA?
Él salió.,NANA YUNSU'LLI
Es etíope.,ETIOPE NUKA'A
Sobrevivirá.,CHIMILLINKEKLA NANPICHU
Escribe libros.,LLINSERCHER' KERKA'LUSA'
"Ten, pruébatelo.","MA'A'TASU' , LATAKER'"
¡Qué humillante!,¡EMPU'NI DAKUTA!
¡Qué interesante!,¡EMPU'NI LUYAIPA'!
¿Cómo terminará?,¿MA'PU'SU' TA'WANTECHU?
¡Apúrate niña!,¡WIUKER' WILA!
"¡Apúrensen, muchachas!",¡WIUKU' WILALUNLUSA!
La llamé.,PEKLU'LEK
Puedo regresar.,YENNITULEK ADANTA'AK
Me resfrié.,ILUWINEK
Me acobardé.,SAPULEK
No escuché.,LAUK'I'NEK
Odio pelear.,LUYULEK IDENMAAK
Detesto pelear.,LUYULEK IDENMAAK
Odio estudiar.,LUYULEK KERKA' 
Tengo caspa.,AÑAPALEK KISEK'MUTU'
Tengo tarea.,AÑAPALEK YANU'TAK
Volví.,ADENCHA'LEK
Sigo estornudando.,A'SHUPALEKPI'LA
Aprendí mucho.,NINCHITULEK WAPU'
Adoro aprender.,IYATULEK ÑINCHITAK
Debo encontrarlo.,KANAN'A'KASU' ÑAPALLI
Debo ayudarlo.,KATU'PA'A'KASU' ÑAPALLI
Debo advertirle.,WINTA'KASU' ÑAPALLI
Necesito Internet.,LUWANTULEK INTERNET
Necesito entrar.,YADA'LEK
Pedí pizza.,PIZZA LEKTULEK
Le burlé.,TUMU'TULEK
Lo reconozco.,LUWER'CHULEK
Hablo inglés.,LUNPALEK INGLES
Hablo español.,LUNPALEK ESPAÑOL
Estudio inglés.,ALEK'APALLINER'KU INGLES
Despierto temprano.,NANPILADAPALEK SHAMPASIK
Quiero aquél.,LUWANTULEK NANA
Quiero bailar.,YALANSA'LEK
Quiero conducir.,YAEKPA'LEK
Quiero manejar.,YAEKPA'LEK
Quiero aprender.,YAÑINCHITULEK
Quise llorar.,YAWELLIEKWINEK
Quise pagar.,YAPANWILEK'TUWINEK
Nací aquí.,ASEK WADEKLLINER'KU
Fui despedido.,USU'LLINER'KU
Estaba escuchando.,LAUK'TAPAWINEK
Seguiré.,TUPIECHEK
Estaría agradecido.,YUSPEINE'PI ÑAPINA'KA
Lo arreglaré.,TEKDIPER'ECHEK
Estaré contento.,MUSU' ÑAPE'CHEK
Con placer.,SAKEKSU'LEK
Seré paciente.,WA'TENTUTEK ÑIECHEK
Estaré esperando.,WA'TENTAPECHEK
Traeré vino.,KERE'CHEK VINU'
Lo buscaré.,DUNKER'ECHEK
Te premiaré.,PANUERKEN
Te recompensaré.,PANUERKEN
Estoy comprendiendo.,LACHEK'APILALEK
Me carcajeo.,YAMERLEK
Estoy avergonzado.,ÑAPALEK DAKUTA'SU'
Estoy ayudando.,KATU' PA'TAPALEK
Solo pregunto.,LEKTAPALEKSA'
Solo bromeo.,SI'LENTAPALEKSA'
Voy saliendo.,YUNSU'PILALEK
Soy zurdo.,AMENNAN NUKA'KA
Soy miope.,UMILU'LADA' NUKA'KA
Soy responsable.,LATEK'TUTEK NUKA'KA
Sigo vivo.,NANPI'PALEK'I'LA
Lo cambié.,A'PAWILEKLEK
Estoy constipado.,ÑAPALEK A'MECHAILUSU
Suficiente.,NANASA'
Tuve suficiente.,A'ÑIWINEK NANASA'
Oí eso.,LAUK'LEK NANA
¿Es maestro?,¿A'LEK'TUTEK' NUKA'A?
¿Respira?,¿NERIAPALLI?
¿Está satisfecho?,¿MUSU' ÑAPALLI?
¿Es venenoso?,¿SULLIMAN WANPALLI?
No duele.,KU'LA IKER'I'ÑI
¡Suena genial!,¡ILLIÑI U'CHIMU!
Sabía dulce.,KASERSU' ÑIWIÑI
Todo terminó.,IÑER' TA'WANTULLI
Fue emocionante.,MUSU' ÑAPAWIÑI
Era fabuloso.,U'CHIMU'ÑIWIÑI
Pronto lloverá.,IPIA'LA U'LENCHU
Está botado.,DEKPI ÑAPALLI
Es imposible.,YIENNICHI'NEK 
¡Es increíble!,¡LATEK'INBU' NUKA'A!
Es irrelevante.,MA'KEK'PACHI'ÑI
Es engañoso.,TUMU'TEK' NUKA'A
Es refrescante.,SANEK'PIAK' NUKA'A
Solo ignórala.,LUWE'CHINBUER'
Ignórala.,LUWE'CHINBUER'
Solo continúa.,TUPITER'SA'
Solo pruébatela.,LATAKER'SA'
Sigue sonriendo.,YAMERLADAPER'I'LA
Siempre ríe.,NERPI'PU' YAMER'KER
Seguí practicando.,TUPITULEK INPALERIAMU
Sigue practicando.,TUPITER' INPALERIAN
Sigan practicando.,TUPITUKU' INPALERIANMA'
Déjame llevarlo.,TA'ITULA'U EKPE'CHEK
Déjame averiguarlo.,TA'ITULA'U LEK'TECHEK
Déjame arreglarlo.,TA'ITULA'U TEKDIPERECHEK
Déjame sentarme.,TA'ITULA'U DU'ECHEK
Hagámoslo ahora.,NU'TAWA' IPA'LA
Primero comamos.,NANENTU WERANWA'
Comamos sushi.,KA'AWA' SUSHI
Remontemos barriletes.,A'PENU'WA' BARRILETES
Remontemos cometas.,A'PENU'WA' COMETAS
Volemos cometas.,A'PENU'WA' COMETAS
Olvidémoslo.,PINANER'AWA'
Llevémonos bien.,IN'EKPA'WA' MUSU'
Emborrachémonos.,LUPER'AWA'
Curémonos.,INLULEN'AWA'
Alistémonos.,INSEKDIPERAWA'
Descansemos aquí.,NERIAWA' ASEK
Quedémonos acá.,LLIA'AWA' ASEK
Paremos aquí.,WANERAWA' ASEK
Esperemos aquí.,WATENDAWA' ASEK
Achícalo.,DE'A'MERKER'
¡Haz ruido!,¡A'ILLINKER'!
¡Feliz Navidad!,¡U'CHIMU ÑIÑUDUKER!
Nadie respondió.,ÑIDEN NA'PICHI'ÑI
Coge una.,MAKER' ALA'SA'
Repítemelo.,ITUNUNTA'U
Mándemelos.,A'UKTU'U
Ella desapareció.,NANA WER'LLI
Lo abofeteó.,LLIAKA'UK ENKA'LINA
Es brasileña.,BRASHIKA NUKA'A 
Siéntate derecho.,CHEKSU' DU'KER'
Siéntese recto.,CHEKSU' DU'KER'
Alguien llamó.,DENIPA' PEKLU'TULLI
Alguien tosió.,DENIPA' CHINKU'LLI
Cógelo todo.,MAKER' IÑER'
Es dudoso.,LATEK'INPU'SU' NUKA'A
Es falso.,TUMU' NUKA'A
Hay reglas.,ÑAPALLI LA'LA'LUSA'
Son lindos.,U'CHIMUSHALA NUKER'KA
Están amarillos.,SHA'PI'SU'SA' ÑAPALLINA
Son amarillas.,SHA'PI'SU'SA' NUKER'KA
Cenaron.,WERAÑINA'
Ellos cenaron.,NAWA' WERAÑINA'
Me engañaron.,TUMU'TULLINER'KU
Me ignoraron.,LUWER'CHI'ÑINER'KU
Viven allá.,NANEK NANPIPALLINA'
Parecen felices.,LLI'TULLINA' MUSU'
Me ataron.,TENPU'LLINERKU'
Lo entendieron.,LACHEK'LLINA'
Estaban listos.,INSEKDIPERPI ÑAPAWIÑINA'
Estaban equivocados.,ÑAPAWIÑINA' PEKTUNSU'
Me matarán.,DEI'TECHUNER'KU
Les gustará.,IYATECHUNA'
Responderán.,NA'PITECHUNA'
Están discutiendo.,INYUTAPALLINA'
Son correctos.,TEKINCHILUSA' NUKER'KA
Son primos.,I'INLUSA' NUKER'KA
Están bailando.,LANSA'PALLINA'
Son amigos.,EKUANLUSA' NUKER'KA
Están celosos.,A'PISADATUTEKLUSA' ÑAPALLINA'
Están casados.,SADASU' ÑAPALLINA'
Son hermanas.,KAIKUALUSA' NUKER'KA
Son especiales.,U'CHIMUINCHILUSA' NUKER'KA
Están conmigo.,KUALEK ÑAPALLINA'
Están trabajando.,SAKA'TAPALLINA'
Tom aceleró.,TOM NAKUSU' A'TEKA'LLI
Tom desapareció.,TOM WER'LLI
Tomás entiende.,CHUMA LACHEK'LLI
Tom recordará.,TOM LLI'INUTECHU
Lava todo.,PAMUER' IÑER'
Mira cuidadosamente.,LLI'KER' UTI'LAKLA
Somos profesores.,A'LEK'TUTEK'LUSA' NUKA'KAWA'
Comimos juntos.,WERANEKWA' KENMU'LEK
Podemos ayudarte.,YENNITULEK'WA' KATU'PA'A'KIK
Podemos ayudarlos.,YENNITULEK'WA' KATU'PA'A'KAWAK
Cerramos temprano.,SHAMPASIK UNKU'TULEKWA'
Tenemos visita.,A'ÑAPALEKWA' DA'LUSA'
Hicimos waffles.,NU'TULEKWA'  WAFFLES
Deberíamos ganar.,KANA'TA'KAWA'SU' ÑAPALLI
Compartimos ideas.,A'NAÑIWA' LLI'INULUSA'
Hablamos francés.,LUMPALLIDEK FRANCES
Estudiamos francés.,ÑINCHITAPALLIDEK FRANCES
Andamos mucho.,DEK'KUNTAPALLIDEK' WAPU'
Queremos ayudar.,YAKATU'PA'LLIDEK
Queremos saber.,YAÑINCHITULLIDEK
Queremos hablar.,YALUNÑIDEK
Queremos votar.,YADEKLLIDEK
Éramos amigos.,EKUANÑIWIÑIDEK
Estábamos hablando.,LUMPAWIÑIDEK
Seremos asesinados.,DEI'TECHUNER'KUDEK
Los detendremos.,TU'NEK'ECHIDEK
Estamos disponibles.,INAPI ÑAPALLIDEK
Estamos seguros.,MUSU'LU'UKPI ÑAPALLIDEK
Estamos escuchando.,LAUK'TAPALLIDEK
Estamos organizados.,MUMUSU' ÑAPALLIDEK
Somos prisioneros.,SIPUK'ÑAPALLIDEK
Estamos satisfechos.,SAKEKSU' ÑAPALLIDEK
Estamos separados.,YAMPU'SU' ÑAPALLIDEK
Tenemos esos.,NANADAPER A'ÑAPALLIDEK
Los perdimos.,A'WER'LLIDEK
¿Estabas llorando?,¿WELLIEK'APAWINA?
¿Qué dijo?,¿MA'TULLI?
¿Qué hiciste?,¿MA'NEN'NU'TULA?
¿Qué falta?,¿MA'NENPAWANPALLI?
¿Cuándo acabó?,¿ENPI'TA'WANTULLI?
¿Cuándo correrás?,¿ENPI'TEKE'CHU?
¿Quien ayudó?,¿DEN'KATU'PA'TULLI?
¿Quién contribuyó?,¿DEN'KATU'PA'TULLI?
Escribe algo.,LLINSE'CHER' MANEN'UNTA'
Anota eso.,LLINSER'KER' NANA
Anoten eso.,LLINSER'KU' NANA
Anota esto.,LLINSER'KER' ASU'
Anote esto.,LLINSER'KER' ASU'
Anoten esto.,LLINSER'KU' NANA
Me traicionaste.,WA'DANPILAPILUN
Nos traicionaste.,WA'DANPILAPILUNDEK
Nos engañaste.,TUMU'TULUNDEK
Puedes entrar.,YENNITULADA'A'MAK
Puedes decírnoslo.,YENNITULA WINTA'MUDEK
Pareces triste.,LLI'TULA WE'INUTUSU'
Deberías descansar.,NERIA'MASU' ÑAPALLI
Deberían quedarse.,LLIA'A'MAMASU' ÑAPALLI
Tú dormías.,KENMA WICHI'WINA'
Ustedes dormían.,KENMAMA' WICHI'WINAMA'
Mejor vete.,A'PIMUECHU PAKER'
Te perderás.,WER'ECHU
Estás soñando.,WA'LATAPALA
Eres nervioso.,TEKUA'TEK NUKA'MA
Estás estancado.,PILLI'PI ÑAPALA
Estás atascado.,DA'SEK'SU' ÑAPALA
¿Eres mago?,¿NUKA'MA A'I'KECHEKTUTEK?
¿Eres real?,¿TEKINCHI NUKA'MA?
¿Estás embarazada?,¿KADU'LUNSU' ÑAPALA?
¿Son estudiantes?,¿ÑINCHITULUSA' NUKA'MAMA'?
¿Estudias?,¿KERKA' ÑINCHITAPALA?
Pregúntaselo.,LEKKER'
Respira normal.,NERIKER' U'CHIMU
Respira tranquilo.,NERIKER' U'CHIMU
¿Me permiten?,¿TA'ITULE'CHUNER'KU?
¿Puedo salir?,¿YENNITULEK YUNSU'AK?
Sigue cavando.,IWA'TAPER'I'LA
¡Contrólate!,¡INLU'UK'TER!
¿Tienes cerveza?,¿A'ÑAPALA CERVEZA?
¿Tienen hijos?,¿WILAWANPALAMA'?
¿Tienes hijos?,¿WILAWANPALA'?
¿Tienes arroz?,¿PUMULADAWANPALA?
¿Tienen arroz?,¿PUMULADAWANPALAMA'?
¿Los conoces?,¿LUWER'CHAPADEKLA?
¿Vives aquí?,¿ASEK NANPIPALA?
¿Viven aquí?,¿ASEK NANPIPALAMA'?
Escaparon todos.,IÑER' CHIYEKLLINA'
Explícamelo.,MUSU' WINTU'U
¡Buen viaje!,¡PAKER' MUSU'!
No duerme.,KU'LA WICHA'PI'ÑI
No fuma.,KU'LA U'WA'TA'PI'ÑI
Odia correr.,LUYU'LLI TEKA'AK
Ama cantar.,TANTENÑI TULUKER'AK
Quiere venir.,YA'WENCHA'LLI
Está envejeciendo.,TASERPITAPILALLI
Está inconsciente.,INLLI'INUINSU' ÑAPALLI
Un momentito.,WA'TENKER'
¿Cuánto mides?,¿EMPU'DUN PICHIAPALA?
Pedí comida.,WERAN LEKTULEK
Me engripé.,ILU ENKA'LLIU
